"z_id","address","lat","long","price","saledate","pricepersqft","beds","baths","sqft","acres","yr_built"
"zpid_75475563","17-Reese-Cir-Bellows-Falls-VT-05101",43.131053,-72.461748,82575,"4/29/16",47,3,1,1750,0.5,1979
"zpid_92005738","161-Mountain-Rd-Stowe-VT-05672",44.46744,-72.688774,230000,"4/29/16",137,4,4,1668,0.75,1850
"zpid_75460621","466-Schoolhouse-Hill-Rd-West-Rutland-VT-05777",43.555845,-73.017838,175000,"4/29/16",84,3,2,2078,1.2,1973
"zpid_115808178","224-Evergreen-Woods-Rd-Waterbury-Center-VT-05677",44.365529,-72.694606,705000,"4/29/16",200,4,4,3512,5.85,2009
"zpid_92022073","59-Hillside-Rd-Rutland-VT-05701",43.622646,-72.960537,197500,"4/29/16",NA,NA,NA,NA,1.83,NA
"zpid_2098794584","274-Indian-Bay-Castleton-VT-05735",43.615314,-73.228839,236000,"4/28/16",170,3,1,NA,NA,NA
"zpid_92019514","12-Alta-Ter-Rutland-VT-05701",43.607813,-72.950461,125000,"4/28/16",68,3,2,1827,0.54,1961
"zpid_12648045","31-Simms-St-Burlington-VT-05408",44.518425,-73.26223,215000,"4/28/16",172,3,1,1248,714528888.933724,1953
"zpid_2099822282","21-Evans-Ln-Cambridge-VT-05444",44.64489,-72.91344,174000,"4/28/16",168,3,1,1040,NA,1999
"zpid_12649074","42-Moore-Dr-Burlington-VT-05408",44.514762,-73.240943,286500,"4/28/16",190,4,2,1504,9676402867.35445,1960
"zpid_49675498","33-Barrett-St-South-Burlington-VT-05403",44.461509,-73.173148,354000,"4/28/16",171,4,3,2064,991884260.83595,2014
"zpid_75434119","1971-Highgate-Rd-Saint-Albans-VT-05478",44.911749,-73.059269,236500,"4/28/16",120,3,2,1970,12.6,1972
"zpid_75480865","105-Ellisons-Lake-Rd-Ludlow-VT-05149",43.451286,-72.698249,420000,"4/27/16",187,3,2,2240,0.85,1959
"zpid_92293142","33-Audry-Ln-Westford-VT-05494",44.635805,-72.987518,285000,"4/27/16",114,3,3,2480,2.05,2003
"zpid_92255841","26-Edson-St-Burlington-VT-05408",44.518743,-73.262986,219500,"4/27/16",254,3,1,864,73151078.5572773,1955
"zpid_2098818807","274-Marble-St-West-Rutland-VT-05777",43.5984,-73.0497,119000,"4/26/16",41,4,3,NA,NA,NA
"zpid_2098834453","68-Jackson-Heights-Jeffersonville-VT-05464",44.635624,-72.831738,245000,"4/26/16",141,3,3,NA,NA,NA
"zpid_2098833595","99-Bushnell-Rd-Waitsfield-VT-05673",44.19632,-72.78271,308000,"4/25/16",192,3,2,NA,NA,NA
"zpid_2102927920","10-Griswold-Dr-Rutland-VT-05701",43.597665,-72.984013,129450,"4/25/16",78,3,1.5,1640,0.000723517098053269,2004
"zpid_92023315","6-Griswold-Dr-Rutland-VT-05701",43.597672,-72.983757,140000,"4/25/16",77,4,1.75,1808,0.000958489634506888,2004
"zpid_2112462458","151-N-Hill-Rd-Stowe-VT-05672",44.436355,-72.696336,617500,"4/25/16",185,4,3,3324,2.16,1973
"zpid_92020638","17-Cramton-Ave-Rutland-VT-05701",43.60664,-72.996803,33000,"4/25/16",19,3,2,1697,7385149223.64325,1900
"zpid_49678541","90-Suburban-Sq-South-Burlington-VT-05403",44.470012,-73.163833,268000,"4/25/16",156,3,3,1716,761517351.514279,1962
"zpid_92297677","18-Obrien-Dr-South-Burlington-VT-05403",44.458776,-73.173814,365000,"4/25/16",NA,3,3,NA,0.27,1978
"zpid_2098835380","99-Jacobs-Run-Sheldon-VT-05483",44.88431,-73.00037,274000,"4/25/16",113,3,2,NA,NA,NA
"zpid_2098847284","35-5-Pleasant-Street-Ludlow-VT-05149",43.39494,-72.69875,181250,"4/24/16",137,3,2,NA,NA,NA
"zpid_2098847257","58-Harrison-Lane-WINTERPLAC-Ludlow-VT-05149",43.408668,-72.724122,540000,"4/24/16",368,3,2,NA,NA,NA
"zpid_2098847216","22-Harrison-Lane-WINTERPLAC-Ludlow-VT-05149",43.409931,-72.722996,232000,"4/24/16",210,2,2,NA,NA,NA
"zpid_2098849115","150-Liberty-Hill-Rd-Pittsfield-VT-05762",43.782,-72.80065,21500,"4/24/16",NA,0,0,0,9.18273645546373,0
"zpid_2098849130","193-Fiddlehead-Ln-Pittsfield-VT-05762",43.7553,-72.8303,219000,"4/24/16",86,3,3,NA,NA,NA
"zpid_2098849150","3430-Liberty-Hill-Road-Pittsfield-VT-05762",43.823199,-72.80667,47500,"4/24/16",86,2,NA,NA,NA,NA
"zpid_2098857851","3922-Weeks-Hill-Rd-Stowe-VT-05672",44.507289,-72.732394,810000,"4/23/16",260,4,4,NA,NA,NA
"zpid_115798806","784-River-Ridge-Rd-Hyde-Park-VT-05655",44.584142,-72.626198,375000,"4/22/16",NA,NA,NA,NA,23.6,NA
"zpid_92006088","74-Slayton-Farm-Rd-Stowe-VT-05672",44.431765,-72.723109,410000,"4/22/16",NA,NA,NA,NA,14.8,NA
"zpid_2098872810","9-Blue-Spruce-84-Dover-VT-05356",42.974961,-72.885747,210000,"4/21/16",87,4,3,NA,NA,NA
"zpid_2098872183","296-Boardman-Loop-Wardsboro-VT-05360",43.028511,-72.873961,277500,"4/21/16",84,4,3,NA,NA,NA
"zpid_2098872950","482-Pratt-Bridge-Rd-Jamaica-VT-05343",43.1403,-72.80119,187500,"4/21/16",110,3,2,NA,NA,NA
"zpid_2098859652","784-River-Ridge-Rd-Morristown-VT-05661",44.584441,-72.628496,375000,"4/21/16",201,3,2,NA,NA,NA
"zpid_92043617","1256-W-River-Rd-Brattleboro-VT-05301",42.894892,-72.593378,99900,"4/21/16",58,3,2,1717,1.51,1834
"zpid_75421309","132-Morgan-St-Bennington-VT-05201",42.874734,-73.186698,126000,"4/21/16",NA,NA,NA,NA,0.33,NA
"zpid_75421168","96-Merson-St-Bennington-VT-05201",42.87166,-73.198363,190000,"4/21/16",69,3,2,2743,0.49,1968
"zpid_92275970","54-Grove-Ln-Shelburne-VT-05482",44.410312,-73.205422,318500,"4/21/16",115,3,3,2769,0.4,1965
"zpid_92281641","9-Buxton-Ln-Jericho-VT-05465",44.501968,-72.995838,172675,"4/21/16",85,3,3,2024,1.3,1979
"zpid_115799783","171-Cottage-Club-Rd-APT-11-B-Stowe-VT-05672",44.47717,-72.716063,92000,"4/21/16",112,2,2,816,NA,1971
"zpid_92004387","3-Second-St-Morrisville-VT-05661",44.530474,-72.62561,1000,"4/21/16",NA,NA,NA,NA,NA,NA
"zpid_2098883368","C-Ward-Pond-Rd-Morristown-VT-05661",44.529612,-72.640488,35000,"4/21/16",NA,NA,NA,NA,2.36,NA
"zpid_92001412","30-Fletcher-Rd-Fairfax-VT-05454",44.666504,-73.007671,215000,"4/21/16",194,0.5,NA,1107,2.25,1968
"zpid_75435382","8-4th-St-Swanton-VT-05488",44.914987,-73.115592,164000,"4/21/16",119,3,2,1377,7377803234.66253,1900
"zpid_75435471","9-Pine-St-Swanton-VT-05488",44.921224,-73.115734,90000,"4/21/16",50,5,2,1776,11978331242.0087,1900
"zpid_2098883396","27-Apple-Lane-West-Dover-VT-05356",42.974974,-72.892764,205000,"4/20/16",124,3,2,NA,NA,NA
"zpid_2098883287","27A-Kingswood-Road-27A-West-Dover-VT-05356",42.949381,-72.883945,308000,"4/20/16",166,3,3,NA,NA,NA
"zpid_2111326343","67-Burgess-Way-Brattleboro-VT-05301",42.855496,-72.577211,50000,"4/20/16",NA,NA,NA,NA,3.11,NA
"zpid_92281768","227-Coon-Hill-Rd-Colchester-VT-05446",44.580847,-73.156228,4e+05,"4/18/16",108,3,3,3700,5.02,2001
"zpid_92295772","42-Tamarack-Dr-Williston-VT-05495",44.446919,-73.061219,382000,"4/18/16",158,3,3,2416,0.53,1994
"zpid_92244826","32-Elmer-Pl-Milton-VT-05468",44.657274,-73.117406,254999,"4/18/16",196,3,2,1300,0.52,1987
"zpid_92244753","9-Poker-Hill-Rd-Underhill-VT-05489",44.533726,-72.943777,2e+05,"4/18/16",NA,NA,NA,NA,1.5,NA
"zpid_49676801","1-Hayes-Ave-South-Burlington-VT-05403",44.451515,-73.165633,174990,"4/18/16",159,2,1.5,1100,NA,1983
"zpid_92049942","100-Golf-Ave-Woodstock-VT-05091",43.619489,-72.51253,650000,"4/15/16",138,6,4,4700,5.43,1957
"zpid_75427358","3095-Vt-Route-18-Waterford-VT-05819",44.396897,-71.922075,84800,"4/15/16",NA,NA,NA,NA,2,NA
"zpid_75441070","512-Billings-Hill-Rd-Stowe-VT-05672",44.520079,-72.740123,615000,"4/15/16",NA,NA,NA,NA,5.67,NA
"zpid_75427649","41-Burke-Rd-Sutton-VT-05867",44.633077,-72.025358,135000,"4/15/16",79,3,1,1690,0.5,1825
"zpid_92261991","18-Briar-Ln-Essex-Junction-VT-05452",44.490256,-73.095146,254000,"4/15/16",139,4,2,1824,968376555.600849,1973
"zpid_92258437","8-Stearns-Ave-Essex-Junction-VT-05452",44.506874,-73.129711,249900,"4/15/16",236,3,1,1056,0.36,1972
"zpid_92250124","255-W-Sleepy-Hollow-Rd-Essex-Junction-VT-05452",44.525373,-73.025449,312000,"4/15/16",85,4,3,3637,6.31,2006
"zpid_92006877","126-Whitefield-Dr-Jeffersonville-VT-05464",44.647572,-72.863297,225000,"4/15/16",108,3,2,2078,1.65,2003
"zpid_75415677","1360-S-116-Rd-Bristol-VT-05443",44.109308,-73.097142,173300,"4/15/16",NA,NA,NA,NA,2,NA
"zpid_49675526","69-Barrett-St-South-Burlington-VT-05403",44.45836,-73.176725,213000,"4/15/16",80,4,3,2638,9932004236.5008,1975
"zpid_2104083136","609-Everest-Rd-Milton-VT-05468",44.650237,-73.207585,304900,"4/15/16",148,3,3,2048,2.9,2015
"zpid_92051974","271-Butternut-Rd-White-River-Junction-VT-05001",43.642213,-72.322134,315000,"4/15/16",140,3,3,2248,7627366854.4997,2007
"zpid_49678717","95-Twin-Oaks-Ter-South-Burlington-VT-05403",44.450466,-73.168426,155000,"4/15/16",157,2,1,984,NA,1980
"zpid_92245130","65-Elm-St-Winooski-VT-05404",44.495164,-73.196045,240000,"4/15/16",162,3,2,1475,738006150.410927,1900
"zpid_2098898702","141-Wightman-Hill-Rd-Richford-VT-05476",44.9439,-72.6515,293500,"4/14/16",138,3,2,NA,NA,NA
"zpid_2099582697","35-Kenyon-Rd-White-River-Junction-VT-05001",43.643412,-72.324906,177500,"4/14/16",128,3,2,1383,0.39,2004
"zpid_75470762","30-N-Lakeview-Ter-Waterbury-Center-VT-05677",44.379783,-72.722534,150000,"4/14/16",123,3,1,1218,0.8,1959
"zpid_49677857","20-Overlook-Dr-South-Burlington-VT-05403",44.430816,-73.196441,187500,"4/14/16",160,2,1.5,1170,0.000493840809531646,1985
"zpid_92287013","34-Brickyard-Rd-UNIT-9-Essex-Junction-VT-05452",44.493051,-73.096858,455000,"4/14/16",434,2,1,1048,NA,1982
"zpid_2099882984","41-Messenger-St-Saint-Albans-VT-05478",44.816464,-73.079897,217000,"4/14/16",79,8,NA,2724,189909472.494835,1875
"zpid_75465834","1-Phelps-Rd-Barre-VT-05641",44.189444,-72.457789,110000,"4/14/16",54,4,1,2028,3,1840
"zpid_92051956","35-Kenyon-Rd-White-River-Junction-VT-05001",43.643327,-72.324836,177500,"4/14/16",128,3,2,1383,0.39,2004
"zpid_75465834","1-Phelps-Rd-Barre-VT-05641",44.189444,-72.457789,110000,"4/14/16",54,4,1,2028,3,1840
"zpid_92297776","1239-Essex-Rd-Williston-VT-05495",44.46422,-73.112726,92030,"4/14/16",73,3,1,1248,0.72,1968
"zpid_2099882984","41-Messenger-St-Saint-Albans-VT-05478",44.816464,-73.079897,217000,"4/14/16",79,8,NA,2724,189909472.494835,1875
"zpid_2099582697","35-Kenyon-Rd-White-River-Junction-VT-05001",43.643412,-72.324906,177500,"4/14/16",128,3,2,1383,0.39,2004
"zpid_2100385977","128-Wilkins-St-Morrisville-VT-05661",44.569467,-72.600809,161000,"4/14/16",111,3,2,1440,0.69,1900
"zpid_75470762","30-N-Lakeview-Ter-Waterbury-Center-VT-05677",44.379783,-72.722534,150000,"4/14/16",123,3,1,1218,0.8,1959
"zpid_2098969753","20-Gilbert-Square-Milton-VT-05468",44.62765,-73.11572,159900,"4/13/16",148,2,2,NA,NA,NA
"zpid_2098971570","20-Gilbert-Square-Milton-VT-05468",44.62765,-73.11572,159900,"4/13/16",145,2,2,NA,NA,NA
"zpid_2098970969","189-Lyman-Meadow-Unit-N2-Hinesburg-VT-05461",44.32874,-73.10621,156500,"4/13/16",144,2,2,NA,NA,NA
"zpid_2098971329","10-12-Saint-Francis-Park-Burlington-VT-05401",44.519708,-73.256578,275000,"4/13/16",124,6,4,NA,NA,NA
"zpid_118032434","1208-Route-44-Brownsville-VT-05037",43.465617,-72.474104,177000,"4/13/16",154,3,1,1144,1,1972
"zpid_92245379","21-White-Lilac-Way-Colchester-VT-05446",44.505334,-73.199094,275000,"4/13/16",NA,NA,NA,NA,0.36,NA
"zpid_75469362","72-Western-Ave-Northfield-VT-05663",44.147099,-72.66358,54900,"4/13/16",57,3,1,960,0.5,1972
"zpid_2098985579","190-Bowenville-Road-Troy-VT-05868",44.953346,-72.347433,176000,"4/12/16",112,3,2,NA,NA,NA
"zpid_92296727","139-Southridge-Rd-Shelburne-VT-05482",44.35883,-73.240009,6e+05,"4/12/16",154,4,4,3894,5.1,1973
"zpid_75441400","1928-Lapland-Rd-Waterville-VT-05492",44.722173,-72.778826,75000,"4/12/16",NA,NA,NA,NA,72.2,NA
"zpid_92278420","192-Depot-Rd-Colchester-VT-05446",44.545267,-73.141793,340000,"4/12/16",150,4,4,2256,1.32,1989
"zpid_92244318","41-Tanglewood-Dr-Essex-Junction-VT-05452",44.502648,-73.063328,319900,"4/12/16",133,4,3,2400,0.6,1969
"zpid_2099010158","32-Route-103-S-BROOKHAVEN-Ludlow-VT-05149",43.3948,-72.6829,135000,"4/11/16",122,3,2,NA,NA,NA
"zpid_92039444","299-Burrington-Hill-Rd-Whitingham-VT-05361",42.771131,-72.864685,155000,"4/11/16",104,2,2,1480,1,1972
"zpid_75422399","143-Barber-Pond-Rd-Pownal-VT-05261",42.79454,-73.2198,180600,"4/11/16",NA,NA,NA,NA,2,NA
"zpid_2099014795","W-Park-Rd-Killington-VT-05751",43.653431,-72.787701,60000,"4/11/16",NA,NA,NA,NA,5,NA
"zpid_54212619","5-Obrien-Dr-South-Burlington-VT-05403",44.460417,-73.17414,260000,"4/11/16",NA,0,0,0,0.239990817263545,0
"zpid_75464932","14-Sunnyside-Dr-Barre-VT-05641",44.168311,-72.451945,155000,"4/11/16",163,3,1,950,0.36,1964
"zpid_92267618","240-Princess-Ann-Dr-Colchester-VT-05446",44.546591,-73.259375,220000,"4/11/16",122,3,1,1800,0.43,1972
"zpid_75464932","14-Sunnyside-Dr-Barre-VT-05641",44.168311,-72.451945,155000,"4/11/16",163,3,1,950,0.36,1964
"zpid_92250409","1067-Jasper-Mine-Rd-Colchester-VT-05446",44.597714,-73.194302,250000,"4/11/16",NA,NA,NA,NA,10,NA
"zpid_75472073","23-High-St-Waterbury-VT-05676",44.337871,-72.75312,212000,"4/11/16",122,3,2,1728,738586958.491736,1900
"zpid_92298551","367-Belwood-Ave-Colchester-VT-05446",44.543096,-73.245601,282500,"4/11/16",107,5,2,2635,0.38,1973
"zpid_2099014795","W-Park-Rd-Killington-VT-05751",43.653431,-72.787701,60000,"4/11/16",NA,NA,NA,NA,5,NA
"zpid_92293296","231-Country-Mdws-Colchester-VT-05446",44.540473,-73.158326,287000,"4/11/16",128,3,2,2238,NA,1990
"zpid_49678151","9-Prouty-Pkwy-South-Burlington-VT-05403",44.458145,-73.167198,320000,"4/11/16",159,3,3,2010,7621903126.3081,1981
"zpid_2101178295","9-W-Main-St-Hyde-Park-VT-05655",44.594314,-72.620353,310000,"4/11/16",144,3,1.75,2139,0.68,2004
"zpid_52954294","1-Steele-St-APT-1-Burlington-VT-05401",44.475135,-73.219612,272775,"4/11/16",272,2,1,1000,NA,1995
"zpid_92008313","654-Diggins-Rd-Hyde-Park-VT-05655",44.631201,-72.550207,475000,"4/11/16",168,4,3,2816,22,1994
"zpid_54211581","8-Derby-Cir-South-Burlington-VT-05403",44.449844,-73.159599,308000,"4/11/16",143,4,1.5,2150,0.000953202629343409,1989
"zpid_90140085","233-Murphy-Rd-Charlotte-VT-05445",44.32123,-73.194331,362000,"4/11/16",174,3,3,2071,1.38,2002
"zpid_54212619","5-Obrien-Dr-South-Burlington-VT-05403",44.460417,-73.17414,260000,"4/11/16",NA,0,0,0,0.239990817263545,0
"zpid_49675524","67-Barrett-St-South-Burlington-VT-05403",44.458797,-73.176528,283000,"4/11/16",118,3,4,2392,7860241151.10135,1975
"zpid_2099021143","218-Indian-Bay-Rd-Bomoseen-VT-05732",43.6146,-73.2271,152200,"4/9/16",169,3,1,NA,NA,NA
"zpid_2099021034","270-Little-Rutland-Rd-Bomoseen-VT-05732",43.6282,-73.2175,280000,"4/9/16",219,2,2,NA,NA,NA
"zpid_2137590710","1286-Route-100-N-Ludlow-VT-05149",43.450759,-72.706512,465000,"4/8/16",322,3,2,1440,737926301.468503,1968
"zpid_92021057","35-Ronaldo-Ct-Rutland-VT-05701",43.608394,-72.96124,133000,"4/8/16",94,3,1,1408,714896398.575872,1965
"zpid_92019823","169-Saint-John-St-Rutland-VT-05701",43.615915,-72.958226,65000,"4/8/16",38,4,2,1686,0.61,1948
"zpid_92274114","7-Onondaga-Ave-Essex-Junction-VT-05452",44.491576,-73.123013,250000,"4/8/16",187,3,2,1334,737683258.998049,1955
"zpid_92269052","35-Brickyard-Rd-Essex-Junction-VT-05452",44.492291,-73.095629,164900,"4/8/16",NA,NA,NA,NA,NA,NA
"zpid_92260767","135-137-North-Ave-Burlington-VT-05401",44.485449,-73.223204,403000,"4/8/16",138,6,2,2917,1430021761.29245,1899
"zpid_92005889","177-Alpine-Mdws-Stowe-VT-05672",44.483409,-72.694163,296000,"4/8/16",171,4,3,1728,0.5,1961
"zpid_75430893","283-Lake-St-Saint-Albans-VT-05478",44.811432,-73.096842,106000,"4/8/16",76,3,1,1382,0.29,1870
"zpid_75488572","44-High-St-Woodstock-VT-05091",43.62244,-72.516242,220000,"4/8/16",NA,NA,NA,NA,0.47,NA
"zpid_92291109","9-Prouty-Pkwy-South-Burlington-VT-05403",44.458311,-73.167183,320000,"4/8/16",NA,4,2.5,NA,0.00097589575753214,1981
"zpid_81625412","200-Town-Line-Rd-Granville-VT-05747",43.955416,-72.815895,248000,"4/8/16",184,NA,3,1344,9,1960
"zpid_92293458","5-Terrien-Rd-Huntington-VT-05462",44.31263,-72.959318,177500,"4/8/16",96,3,2,1836,1,2002
"zpid_124783875","34-Kriste-Ln-Jericho-VT-05465",44.506897,-72.965844,315000,"4/8/16",NA,4,3,NA,6.55,1974
"zpid_92295971","67-Barrett-St-South-Burlington-VT-05403",44.458726,-73.176776,283000,"4/8/16",117,3,3.5,2400,0.000769605167332867,1970
"zpid_92005851","344-Lower-Sanborn-Rd-Stowe-VT-05672",44.504547,-72.747312,975000,"4/8/16",NA,NA,NA,NA,2.94,NA
"zpid_54211758","249-Fairway-Dr-South-Burlington-VT-05403",44.435085,-73.173088,496000,"4/8/16",NA,NA,NA,NA,0.32,NA
"zpid_90140797","160-Stockbridge-Rd-Charlotte-VT-05445",44.295353,-73.224011,635000,"4/8/16",NA,NA,NA,NA,5.92,NA
"zpid_2099706940","36-Lavoie-Dr-Essex-Junction-VT-05452",44.485876,-73.132736,315500,"4/8/16",122,3,3,2586,NA,2005
"zpid_2141173743","35-Brickyard-Rd-UNIT-15-Essex-Junction-VT-05452",44.492156,-73.096214,164900,"4/8/16",154,2,1.5,1064,NA,1983
"zpid_75434869","42-Tilley-Dr-Swanton-VT-05488",44.928332,-73.209663,261400,"4/8/16",NA,NA,NA,NA,0.59,NA
"zpid_92263434","457-Broadlake-Rd-Colchester-VT-05446",44.541468,-73.282695,640000,"4/7/16",267,3,3,2394,1.58,1960
"zpid_92046016","18-High-St-Ludlow-VT-05149",43.397395,-72.698302,255000,"4/7/16",147,4,2,1723,9681430215.37856,1890
"zpid_92280295","1955-Colchester-Point-Rd-Colchester-VT-05446",44.55072,-73.301847,295000,"4/7/16",NA,NA,NA,NA,NA,NA
"zpid_92257614","31-Vale-Dr-South-Burlington-VT-05403",44.435296,-73.186577,561900,"4/7/16",139,4,3,4020,0.29,2002
"zpid_92255558","13-Arlington-St-Essex-Junction-VT-05452",44.492426,-73.103151,215000,"4/7/16",143,3,1,1500,0.26,1948
"zpid_123975933","238-Fox-Run-Colchester-VT-05446",44.5429,-73.20296,323000,"4/7/16",NA,NA,NA,NA,NA,NA
"zpid_92280153","12-Woods-End-Dr-Essex-Junction-VT-05452",44.486477,-73.092573,328000,"4/7/16",163,4,2.5,2004,0.8,1985
"zpid_92291828","112-Colonial-Dr-Colchester-VT-05446",44.504931,-73.198414,269900,"4/7/16",132,3,2.5,2040,0.36,1993
"zpid_81614857","92-Buck-Hollow-Rd-Fairfax-VT-05454",44.67942,-73.015504,165000,"4/7/16",82,3,1,2012,0.83,1967
"zpid_92288108","198-Norway-Dr-Colchester-VT-05446",44.546891,-73.262965,245900,"4/7/16",185,3,2,1329,0.81,1978
"zpid_98359456","115-Bay-Rd-Colchester-VT-05446",44.552671,-73.189019,775000,"4/7/16",159,4,5,4863,3.2,2012
"zpid_2098928078","308-S-Winooski-Ave-UNIT-4-Burlington-VT-05401",44.47091,-73.21049,250000,"4/6/16",185,2,3,NA,NA,NA
"zpid_92042976","95-Clark-Ave-Brattleboro-VT-05301",42.840998,-72.55976,162000,"4/6/16",158,2,1,1023,0.26,1946
"zpid_75485396","287-Clinton-St-Springfield-VT-05156",43.28458,-72.471516,22000,"4/6/16",NA,0,0,0,0.189990817263545,0
"zpid_91996144","99-Bond-Ln-Dorset-VT-05251",43.245414,-73.103749,225000,"4/6/16",204,2,1,1100,20,1988
"zpid_92289131","62-W-Spring-St-Winooski-VT-05404",44.495115,-73.188607,420000,"4/6/16",168,8,4,2493,19340980461.4761,1900
"zpid_92297715","32-Iranistan-Rd-Burlington-VT-05401",44.463469,-73.205031,435000,"4/6/16",298,3,1.5,1456,0.000723474771474275,1941
"zpid_92245709","95-Twin-Oaks-Ter-South-Burlington-VT-05403",44.451301,-73.168851,155000,"4/6/16",NA,2,1,NA,NA,1981
"zpid_75432349","10-Nicole-Dr-Saint-Albans-VT-05478",44.803093,-73.10506,59900,"4/6/16",NA,NA,NA,NA,NA,NA
"zpid_92248162","352-North-Ave-Burlington-VT-05401",44.490525,-73.227092,292500,"4/6/16",128,4,1,2274,0.3,1910
"zpid_92289131","62-W-Spring-St-Winooski-VT-05404",44.495115,-73.188607,420000,"4/6/16",168,8,4,2493,19340980461.4761,1900
"zpid_2099069524","2-Deer-Street-Winhall-VT-05340",43.172079,-72.920047,141500,"4/5/16",94,4,2,NA,NA,NA
"zpid_2099069792","4026-Main-Street-Manchester-VT-05254",43.167552,-73.067713,6e+05,"4/5/16",193,2,2,NA,NA,NA
"zpid_92002408","11-Hill-Rd-South-Hero-VT-05486",44.646687,-73.302651,220000,"4/5/16",NA,NA,NA,NA,1.5,NA
"zpid_2101053495","13-River-St-Winooski-VT-05404",44.492972,-73.193194,260000,"4/5/16",136,6,2,1900,1427686850.36501,1900
"zpid_118893816","195-Shermans-Ln-Bristol-VT-05443",44.089156,-73.084199,180000,"4/5/16",257,NA,1,700,10.4,2010
"zpid_2099082909","5874-Route-9-Marlboro-VT-05344",42.85881,-72.77359,140000,"4/4/16",81,3,2,NA,NA,NA
"zpid_92030560","30-Church-St-East-Barre-VT-05649",44.158814,-72.452334,117800,"4/4/16",NA,3,1,NA,73266.3443755739,1961
"zpid_92041551","984-Western-Ave-Brattleboro-VT-05301",42.854596,-72.60117,38590,"4/4/16",30,2,2,1280,507990480.759642,1890
"zpid_75483793","189-Dutton-District-Rd-Springfield-VT-05156",43.250781,-72.502508,88000,"4/4/16",NA,NA,NA,NA,0.75,NA
"zpid_92277840","28-Derby-Cir-South-Burlington-VT-05403",44.450462,-73.159798,289000,"4/4/16",NA,2,2.5,NA,0.000516758934770432,1986
"zpid_92259444","13-Kriste-Ln-Jericho-VT-05465",44.507162,-72.969943,364900,"4/4/16",133,4,3,2733,0.76,1988
"zpid_81622732","53-Fog-Valley-Rd-New-Haven-VT-05472",44.095705,-73.104531,125000,"4/4/16",90,3,2,1380,10.1,2000
"zpid_92297950","11-Overlake-Park-Burlington-VT-05401",44.469197,-73.201929,732000,"4/4/16",300,5,2.5,2432,0.00120579266015138,1940
"zpid_92261878","1220-Sherman-Hollow-Rd-Huntington-VT-05462",44.354331,-73.011375,241025,"4/4/16",NA,NA,NA,NA,1,NA
"zpid_92259689","57-Franklin-St-Winooski-VT-05404",44.496771,-73.179806,242000,"4/4/16",NA,0,0,0,0.110009182736455,0
"zpid_12649586","65-Green-Acres-Dr-Burlington-VT-05408",44.512596,-73.256286,207500,"4/4/16",247,3,1,840,73096782.1844353,1954
"zpid_124788551","97-Blackberry-Ln-South-Burlington-VT-05403",44.351833,-72.750344,389000,"4/4/16",NA,NA,NA,NA,NA,NA
"zpid_92251112","947-Oak-Hill-Rd-Williston-VT-05495",44.426497,-73.076592,980000,"4/4/16",223,4,3.5,4391,17.6,2005
"zpid_92297339","62-Braeburn-St-South-Burlington-VT-05403",44.421599,-73.167045,485000,"4/4/16",NA,3,2.5,NA,NA,2007
"zpid_49677187","14-Jonathan-Ave-South-Burlington-VT-05403",44.437202,-73.205642,265000,"4/4/16",236,3,1,1120,714234941.504982,1957
"zpid_92276337","247-Edgewood-Dr-Colchester-VT-05446",44.527849,-73.19016,325000,"4/4/16",NA,NA,NA,NA,0.67,NA
"zpid_92013586","550-Bragg-Hill-Rd-Fairlee-VT-05045",43.887276,-72.184775,280000,"4/4/16",116,3,2,2402,3.29,2003
"zpid_12649358","60-Grey-Meadow-Dr-Burlington-VT-05408",44.512451,-73.263549,359900,"4/4/16",165,3,2.5,2179,0.000746597591575298,1998
"zpid_92295527","5-Smith-Rd-Milton-VT-05468",44.666952,-73.128606,245000,"4/4/16",108,3,3,2248,0.9,1972
"zpid_92274955","334-Colonial-Dr-Colchester-VT-05446",44.504727,-73.195761,285000,"4/4/16",128,3,2.5,2212,0.36,1972
"zpid_49676299","28-Derby-Cir-South-Burlington-VT-05403",44.450359,-73.160011,289000,"4/4/16",166,4,2,1736,9681728654.31559,1987
"zpid_49676308","37-Derby-Cir-South-Burlington-VT-05403",44.450561,-73.161583,302000,"4/4/16",158,4,1.5,1900,0.28,1989
"zpid_92259689","57-Franklin-St-Winooski-VT-05404",44.496771,-73.179806,242000,"4/4/16",NA,0,0,0,0.110009182736455,0
"zpid_90140681","1001-Church-Hill-Rd-Charlotte-VT-05445",44.319529,-73.235445,475000,"4/4/16",NA,NA,NA,NA,7.86,NA
"zpid_92297950","11-Overlake-Park-Burlington-VT-05401",44.469197,-73.201929,732000,"4/4/16",300,5,2.5,2432,0.00120579266015138,1940
"zpid_92259444","13-Kriste-Ln-Jericho-VT-05465",44.507162,-72.969943,364900,"4/4/16",133,4,3,2733,0.76,1988
"zpid_92001382","27-Butler-Rd-Fairfax-VT-05454",44.664748,-73.0052,330000,"4/4/16",NA,NA,NA,NA,0.96,NA
"zpid_92246105","174-N-Twin-Oaks-Ter-South-Burlington-VT-05403",44.452832,-73.169823,166000,"4/4/16",NA,2,1,NA,NA,1980
"zpid_12654428","127-Hayward-St-129-Burlington-VT-05401",44.465354,-73.213172,351000,"4/4/16",243,4,2,1440,967494212.853673,1906
"zpid_12649586","65-Green-Acres-Dr-Burlington-VT-05408",44.512596,-73.256286,207500,"4/4/16",247,3,1,840,73096782.1844353,1954
"zpid_92285967","208-Locust-Hill-Rd-53-Shelburne-VT-05482",44.418546,-73.2089,160000,"4/4/16",130,NA,1.5,1224,NA,1985
"zpid_92261878","1220-Sherman-Hollow-Rd-Huntington-VT-05462",44.354331,-73.011375,241025,"4/4/16",NA,NA,NA,NA,1,NA
"zpid_81622732","53-Fog-Valley-Rd-New-Haven-VT-05472",44.095705,-73.104531,125000,"4/4/16",90,3,2,1380,10.1,2000
"zpid_124788551","97-Blackberry-Ln-South-Burlington-VT-05403",44.351833,-72.750344,389000,"4/4/16",NA,NA,NA,NA,NA,NA
"zpid_92009061","52-Cyr-Rd-Washington-VT-05675",44.126971,-72.412381,30000,"4/4/16",NA,NA,NA,NA,0.75,NA
"zpid_92252070","261-Bissette-Dr-Colchester-VT-05446",44.540233,-73.247253,213000,"4/4/16",221,3,1,960,0.35,1974
"zpid_12650333","37-Leonard-St-Burlington-VT-05408",44.50505,-73.244453,210000,"4/4/16",NA,0,0,0,0.15,0
"zpid_92251112","947-Oak-Hill-Rd-Williston-VT-05495",44.426497,-73.076592,980000,"4/4/16",223,4,3.5,4391,17.6,2005
"zpid_81611732","115-Noyes-St-Richford-VT-05476",44.986931,-72.673711,60000,"4/4/16",39,4,2,1504,967641136.865932,1880
"zpid_115797468","27-Glen-Ridge-Ln-Saint-Albans-VT-05478",44.905513,-73.065776,208000,"4/4/16",122,3,2,1704,0.27,2006
"zpid_2101765977","157-Deer-Ridge-Way-Woodstock-VT-05091",43.618207,-72.568537,217300,"4/1/16",108,3,3,2000,1.76,1980
"zpid_75421038","222-Grandview-St-Bennington-VT-05201",42.874721,-73.191709,144000,"4/1/16",64,4,2,2250,0.39,1905
"zpid_75420702","119-Spring-St-Bennington-VT-05201",42.882794,-73.192634,145000,"4/1/16",54,5,2,2684,1199918455.27755,1890
"zpid_75419790","301-Chester-Knoll-Dr-Bennington-VT-05201",42.879813,-73.208366,107000,"4/1/16",NA,NA,NA,NA,NA,NA
"zpid_92035527","2998-Vt-Route-11-Londonderry-VT-05148",43.22275,-72.795435,65000,"4/1/16",29,5,4,2200,2.37,NA
"zpid_92263412","207-Laurel-Hill-Dr-South-Burlington-VT-05403",44.43741,-73.202518,310000,"4/1/16",NA,3,2,NA,75661.8907943067,1963
"zpid_115789114","15-East-Rd-UNIT-108-Fairfax-VT-05454",44.653828,-73.000176,197000,"4/1/16",123,2,3,1600,NA,2008
"zpid_92280963","5-Russell-St-Winooski-VT-05404",44.493653,-73.181091,225000,"4/1/16",144,3,3,1558,NA,2008
"zpid_125934483","62-Bay-Hollow-Ln-Colchester-VT-05446",44.54221,-73.20146,299500,"4/1/16",NA,NA,NA,NA,NA,NA
"zpid_12651568","4-Haswell-St-Burlington-VT-05401",44.484458,-73.223258,325000,"4/1/16",197,5,2,1649,1197542422.2199,1899
"zpid_122658922","28-Overlook-Dr-Fairfax-VT-05454",44.6904,-73.0669,95400,"4/1/16",NA,NA,NA,NA,1.68,NA
"zpid_92251233","80-Austin-Dr-Burlington-VT-05401",44.451524,-73.221511,145000,"4/1/16",204,NA,1,708,NA,1969
"zpid_92270289","117-Hemlock-Rd-Milton-VT-05468",44.51019,-72.75514,240000,"4/1/16",147,3,1,1632,0.44,1976
"zpid_92276126","19-Saxonhollow-Dr-UNIT-E4-Essex-Junction-VT-05452",44.49029,-73.052381,235000,"4/1/16",128,3,3,1835,NA,1989
"zpid_75432223","552-Lake-Rd-Saint-Albans-VT-05478",44.811049,-73.135061,266700,"4/1/16",126,4,1.5,2108,4.51,1902
"zpid_49677387","207-Laurel-Hill-Dr-South-Burlington-VT-05403",44.437545,-73.202445,310000,"4/1/16",NA,0,0,0,0.219995408631772,0
"zpid_92261345","56-Lincoln-St-APT-1-Essex-Junction-VT-05452",44.495541,-73.111824,239000,"4/1/16",110,3,3,2162,NA,2005
"zpid_92278734","4-Irene-Ave-Essex-Junction-VT-05452",44.515387,-73.046401,250000,"4/1/16",145,2,2,1716,508990199.081864,2006
"zpid_75432616","4723-Lower-Newton-Rd-Swanton-VT-05488",44.856371,-73.152393,173000,"4/1/16",NA,NA,NA,NA,1.01,NA
"zpid_92279792","11-Clifford-Dr-UNIT-102-Milton-VT-05468",44.626664,-73.141125,282000,"4/1/16",115,3,3,2433,NA,2009
"zpid_92013539","4124-Us-Route-5-N-Bradford-VT-05033",43.956983,-72.115491,230000,"4/1/16",NA,NA,NA,NA,1.9,NA
"zpid_12654968","487-S-Prospect-St-UNIT-6-Burlington-VT-05401",44.466926,-73.20137,110000,"4/1/16",NA,NA,NA,NA,NA,NA
"zpid_92269433","12-Truax-Rd-Milton-VT-05468",44.660268,-73.1455,279900,"4/1/16",147,3,3,1900,0.57,2007
"zpid_75415743","247-Carlstrom-Rd-Bristol-VT-05443",44.097786,-73.087452,190000,"4/1/16",145,3,1,1305,1.52,1969
"zpid_117709328","11-Clifford-Dr-102-Milton-VT-05468",44.491848,-73.195937,282000,"4/1/16",NA,0,0,0,0.0399908172635445,0
"zpid_75415679","1422-S-116-Rd-Bristol-VT-05443",44.108472,-73.097105,187000,"4/1/16",NA,NA,NA,NA,0.72,NA
"zpid_92293999","86-Pinecrest-Dr-UNIT-10B-Essex-Junction-VT-05452",44.506104,-73.121812,143000,"4/1/16",148,2,1,960,NA,1978
"zpid_92252828","4-Rosewood-Ln-Essex-Junction-VT-05452",44.491005,-73.09927,317500,"4/1/16",NA,NA,NA,NA,0.37,NA
"zpid_92292114","17-Hidden-Mdws-Milton-VT-05468",44.669916,-73.091265,251500,"4/1/16",114,3,2,2206,0.92,1976
"zpid_92252053","4-Rosewood-Trl-Essex-Junction-VT-05452",44.503049,-73.062133,317500,"4/1/16",142,4,2,2222,2.26,1969
"zpid_12649612","60-Green-Acres-Dr-Burlington-VT-05408",44.513,-73.256469,245900,"4/1/16",163,3,1,1502,715112292.74449,1950
"zpid_92003736","74-Hyde-Rd-Grand-Isle-VT-05458",44.720335,-73.315568,217000,"4/1/16",95,3,2,2276,0.55,1900
"zpid_2099099076","127-One-Way-Stockbridge-VT-05772",43.77905,-72.75878,2e+05,"3/31/16",129,4,2,NA,NA,NA
"zpid_2098965562","117-One-Way-Road-Stockbridge-VT-05772",43.780189,-72.759361,2e+05,"3/31/16",129,4,2,NA,NA,NA
"zpid_92044861","5-Ahmeek-Road-Dover-VT",42.980943,-72.888169,169000,"3/31/16",140,3,1,1206,1.7,1972
"zpid_92045014","924-Us-Route-5-Dummerston-VT-05301",42.918986,-72.537186,198500,"3/31/16",NA,NA,NA,NA,1.4,NA
"zpid_75461563","7-Willard-Ave-Fair-Haven-VT-05743",43.59491,-73.27149,88000,"3/31/16",91,3,2,960,1.7,1972
"zpid_75437204","7422-Ethan-Allen-Hwy-Saint-Albans-VT-05478",44.777671,-73.105445,90000,"3/31/16",86,3,1,1040,0.75,1962
"zpid_75455922","28-Center-St-Proctor-VT-05765",43.659592,-73.046316,170000,"3/31/16",82,3,2,2072,1.7,1981
"zpid_92263094","23-Hobbs-Rd-Milton-VT-05468",44.617164,-73.11743,110000,"3/31/16",55,3,1,1968,0.45,1968
"zpid_92026967","68-Woodbury-Rd-Castleton-VT-05735",43.606109,-73.127096,159000,"3/31/16",122,3,1,1301,2,1982
"zpid_75473677","1001-Mowrey-Rd-Jamaica-VT-05343",43.071512,-72.778247,145000,"3/31/16",NA,NA,NA,NA,6.7,NA
"zpid_92020053","17-Elmwood-Dr-Rutland-VT-05701",43.605577,-72.951583,285000,"3/31/16",122,4,3,2324,0.44,1988
"zpid_81614511","421-Wilkins-Rd-Fairfax-VT-05454",44.700442,-72.964608,202000,"3/31/16",134,3,2,1500,2,1988
"zpid_92012059","5800-Vt-Route-14-Williamstown-VT-05679",44.084568,-72.56907,112266,"3/31/16",91,2,1,1224,37,1970
"zpid_2099655568","1-Hill-Rd-South-Hero-VT-05486",44.645914,-73.302651,220000,"3/31/16",132,3,1,1662,0.53,1850
"zpid_92265247","71-Delma-Dr-Milton-VT-05468",44.637676,-73.18153,287000,"3/31/16",128,3,3,2226,0.97,1999
"zpid_91992559","138-Horton-Rd-Brandon-VT-05733",43.756796,-73.216985,165000,"3/31/16",NA,NA,NA,NA,11,NA
"zpid_92268216","169-Bay-Rd-Colchester-VT-05446",44.554572,-73.185508,220000,"3/31/16",155,3,2,1416,0.75,1940
"zpid_92290586","501-Handy-Rd-Huntington-VT-05462",44.33053,-72.948963,482000,"3/31/16",134,4,6,3594,16.1,2003
"zpid_113993501","60-Bernier-Rd-Milton-VT-05468",44.639732,-73.078788,360000,"3/31/16",NA,NA,NA,NA,173.5,NA
"zpid_115814015","189-Woodhaven-Dr-UNIT-3J-White-River-Junction-VT-05001",43.685441,-72.323653,85000,"3/31/16",81,2,2,1048,NA,1985
"zpid_92261335","5-Wildwood-Dr-Essex-Junction-VT-05452",44.488084,-73.079497,3e+05,"3/31/16",NA,NA,NA,NA,0.64,NA
"zpid_92270011","1255-E-Lakeshore-Dr-Colchester-VT-05446",44.552083,-73.194264,120000,"3/31/16",NA,NA,NA,NA,NA,NA
"zpid_92246368","50-Seth-Cir-Williston-VT-05495",44.447188,-73.101122,235000,"3/31/16",175,2,2,1342,1,1991
"zpid_92001435","42-Potter-Rd-Fairfax-VT-05454",44.70815,-73.019209,1000,"3/31/16",NA,NA,NA,NA,10.1,NA
"zpid_12648917","98-Lori-Ln-Burlington-VT-05408",44.519885,-73.245541,248000,"3/31/16",NA,NA,NA,NA,0.27,NA
"zpid_92006049","1214-Pucker-St-Stowe-VT-05672",44.476111,-72.667867,81524,"3/31/16",NA,NA,NA,NA,6,NA
"zpid_91999222","2358-Oregon-Rd-Lunenburg-VT-05906",44.434343,-71.756092,27000,"3/31/16",NA,NA,NA,NA,0.98,NA
"zpid_92252742","81-S-Williams-St-UNIT-104-Burlington-VT-05401",44.47858,-73.203237,285000,"3/31/16",324,NA,1,878,NA,2006
"zpid_92275127","283-Locust-Hill-Rd-Shelburne-VT-05482",44.419582,-73.209084,202000,"3/31/16",NA,NA,NA,NA,NA,NA
"zpid_75433316","160-Bedard-Rd-Sheldon-VT-05483",44.891124,-73.005424,185000,"3/31/16",137,3,2,1344,1,1987
"zpid_2099138075","69-Tarbell-Hill-Rd-Weathersfield-VT-05151",43.41625,-72.51955,115000,"3/30/16",106,4,1,NA,NA,NA
"zpid_12653794","298-S-Winooski-Ave-Burlington-VT-05401",44.471142,-73.210496,295000,"3/30/16",NA,NA,NA,NA,NA,NA
"zpid_2139420766","22-Valley-Rd-Brattleboro-VT-05301",42.868873,-72.613281,13000,"3/30/16",23,2,1,552,NA,1971
"zpid_75459895","1738-Creek-Rd-Castleton-VT-05735",43.628312,-73.233133,465000,"3/30/16",161,6,2.5,2880,0.5,1962
"zpid_75435645","87-New-St-E-Fairfield-VT-05448",44.785328,-72.857023,30000,"3/30/16",26,3,1,1125,714245919.924242,1900
"zpid_92042260","144-Belmont-Ave-Brattleboro-VT-05301",42.843377,-72.568383,163500,"3/30/16",148,3,1,1100,714189027.821717,1914
"zpid_124480614","310-Jennings-Brook-Dr-Bennington-VT-05201",42.8699,-73.1993,172800,"3/30/16",NA,NA,NA,NA,NA,NA
"zpid_75490508","11-Hartland-Hill-Rd-Hartland-VT-05048",43.583485,-72.450692,150000,"3/30/16",NA,NA,NA,NA,18.1,NA
"zpid_75425155","97-Bond-Ln-Dorset-VT-05251",43.245312,-73.104097,360000,"3/30/16",257,3,2,1400,1.2,1961
"zpid_75417045","762-Three-Maple-Dr-Manchester-Center-VT-05255",43.19786,-73.080388,442100,"3/30/16",153,4,4,2882,3.5,1984
"zpid_75423576","307-Gilbert-Rd-Sandgate-VT-05250",43.164878,-73.25883,120000,"3/30/16",52,3,2,2268,10,1973
"zpid_92268213","1-Hayes-Ave-South-Burlington-VT-05403",44.451578,-73.16661,174990,"3/30/16",NA,2,1,NA,NA,1980
"zpid_92270740","354-Ledgewood-Dr-Williston-VT-05495",44.461907,-73.077418,427000,"3/30/16",165,4,3,2587,1.1,1999
"zpid_124788093","959-Falls-Rd-Shelburne-VT-05482",44.370822,-73.220244,220000,"3/30/16",NA,NA,NA,NA,1.16,NA
"zpid_92281047","161-Austin-Dr-APT-1-Burlington-VT-05401",44.450124,-73.223971,266250,"3/30/16",169,2,2,1572,NA,1978
"zpid_92289315","25-Starr-Farm-Bch-Burlington-VT-05408",44.511613,-73.271376,160000,"3/30/16",112,2,1,1424,NA,1928
"zpid_75445222","1013-Stevens-Rd-East-Thetford-VT-05043",43.781402,-72.211569,5e+05,"3/30/16",189,3,2,2640,11.4,1872
"zpid_92265034","101-Eldredge-St-UNIT-308-South-Burlington-VT-05403",44.454452,-73.159581,205000,"3/30/16",NA,2,2,NA,NA,2004
"zpid_92265529","19-Saxonhollow-Dr-UNIT-H2-Essex-Junction-VT-05452",44.491441,-73.051411,225000,"3/30/16",152,3,3,1475,NA,1985
"zpid_75437072","490-Sodom-Rd-Milton-VT-05468",44.705463,-73.149391,185000,"3/30/16",143,4,1,1286,1.9,1976
"zpid_35978290","131-Main-St-APT-406-Burlington-VT-05401",44.47586,-73.213763,210500,"3/30/16",280,2,2,750,NA,1910
"zpid_2098880187","91-Breezy-Ave-Greensboro-VT-05841",44.57456,-72.29626,143000,"3/30/16",111,2,1,NA,NA,NA
"zpid_92292096","959-Falls-Rd-Shelburne-VT-05482",44.370822,-73.220244,220000,"3/30/16",124,3,2,1763,1.16,1895
"zpid_75467543","8-Greenfield-Ter-Montpelier-VT-05602",44.271473,-72.587495,256000,"3/30/16",134,4,2,1902,0.43,1969
"zpid_92265034","101-Eldredge-St-UNIT-308-South-Burlington-VT-05403",44.454452,-73.159581,205000,"3/30/16",NA,2,2,NA,NA,2004
"zpid_92289315","25-Starr-Farm-Bch-Burlington-VT-05408",44.511613,-73.271376,160000,"3/30/16",112,2,1,1424,NA,1928
"zpid_124788093","959-Falls-Rd-Shelburne-VT-05482",44.370822,-73.220244,220000,"3/30/16",NA,NA,NA,NA,1.16,NA
"zpid_12655957","161-Austin-Dr-APT-1-Burlington-VT-05401",44.44799,-73.226142,266250,"3/30/16",169,2,2,1572,NA,1978
"zpid_75472843","55-Pauls-Sq-East-Montpelier-VT-05651",44.264713,-72.485862,43000,"3/30/16",NA,NA,NA,NA,0.32,NA
"zpid_12652995","37-Hungerford-Ter-Burlington-VT-05401",44.479484,-73.207336,210000,"3/30/16",NA,0,0,0,0.0399908172635445,0
"zpid_92246009","131-Main-St-APT-406-Burlington-VT-05401",44.47586,-73.213763,210500,"3/30/16",280,3,1,750,NA,1980
"zpid_49678770","148-N-Twin-Oaks-Ter-South-Burlington-VT-05403",44.452354,-73.169189,165900,"3/30/16",168,2,1,984,NA,1980
"zpid_81622957","2527-Munger-St-New-Haven-VT-05472",44.054321,-73.115379,125000,"3/30/16",NA,NA,NA,NA,10.4,NA
"zpid_2099149610","397-Pudvah-Hill-Rd-Bakersfield-VT-05441",44.8242,-72.8062,311000,"3/29/16",151,3,2,NA,NA,NA
"zpid_92251790","60-Green-Acres-Dr-Burlington-VT-05408",44.512966,-73.256217,245900,"3/29/16",213,3,1,1152,714308803.534206,1950
"zpid_2102404090","327-Mead-Rd-Hyde-Park-VT-05655",44.623903,-72.576598,1e+05,"3/29/16",74,3,1.75,1344,3.5,1997
"zpid_75422680","1008-Middle-Pownal-Rd-Bennington-VT-05201",42.855862,-73.185662,225000,"3/29/16",NA,NA,NA,NA,10,NA
"zpid_124789038","7D-Raceway-Rd-Jericho-VT-05465",44.510616,-72.970447,165000,"3/29/16",NA,NA,NA,NA,NA,NA
"zpid_92254625","99-Eldredge-St-UNIT-203-South-Burlington-VT-05403",44.454441,-73.159511,205000,"3/29/16",NA,2,2,NA,NA,2004
"zpid_92290054","680-Macrae-Rd-Colchester-VT-05446",44.527244,-73.237569,234000,"3/29/16",NA,NA,NA,NA,0.76,NA
"zpid_75415976","1011-Route-125-Cornwall-VT-05753",44.007331,-73.209391,235000,"3/29/16",NA,NA,NA,NA,8,NA
"zpid_52954295","1-Steele-St-STE-4-Burlington-VT-05401",44.475135,-73.219612,265000,"3/29/16",294,NA,1,900,NA,1995
"zpid_92003698","7-Vessel-Rd-Grand-Isle-VT-05458",44.695732,-73.294826,160000,"3/29/16",142,3,2,1120,0.42,2007
"zpid_81624912","4463-Route-30-Middlebury-VT-05753",43.93502,-73.212493,135000,"3/29/16",62,3,1,2172,10.6,1800
"zpid_92246204","1361-E-Hill-Rd-Williston-VT-05495",44.411451,-73.061142,360000,"3/29/16",136,3,2,2628,1.9,1969
"zpid_92251206","176-Boulder-Hill-Dr-Shelburne-VT-05482",44.392526,-73.204965,729000,"3/29/16",128,4,5,5660,0.53,2006
"zpid_124789038","7D-Raceway-Rd-Jericho-VT-05465",44.510616,-72.970447,165000,"3/29/16",NA,NA,NA,NA,NA,NA
"zpid_111021992","611-Lower-Pleasant-Valley-Rd-Cambridge-VT-05444",44.633634,-72.872423,235000,"3/29/16",NA,NA,NA,NA,8,NA
"zpid_92253130","6134-The-Terraces-Shelburne-VT-05482",44.365015,-73.225339,129500,"3/29/16",NA,NA,NA,NA,NA,NA
"zpid_81624912","4463-Route-30-Middlebury-VT-05753",43.93502,-73.212493,135000,"3/29/16",62,3,1,2172,10.6,1800
"zpid_92252901","1-Steele-St-APT-4-Burlington-VT-05401",44.474698,-73.219341,265000,"3/29/16",294,NA,1,900,NA,1995
"zpid_75415976","1011-Route-125-Cornwall-VT-05753",44.007331,-73.209391,235000,"3/29/16",NA,NA,NA,NA,8,NA
"zpid_2098898335","62-64-W-Spring-St-Winooski-VT-05404",44.49511,-73.18861,420000,"3/28/16",93,8,4,NA,NA,NA
"zpid_75462914","12-Cassie-St-Barre-VT-05641",44.200492,-72.488693,139000,"3/28/16",60,3,2,2310,0.77,1962
"zpid_2146288990","5701-W-Berkshire-Rd-Enosburg-Falls-VT-05450",44.988897,-72.813812,120000,"3/28/16",58,3,3,2065,1,2007
"zpid_92042016","639-Western-Ave-Brattleboro-VT-05301",42.85046,-72.590117,69500,"3/28/16",34,3,3,2033,0.52,1890
"zpid_2099060486","1843-Black-Hole-Hollow-Rd-Arlington-VT-05250",43.05182,-73.25516,383000,"3/28/16",196,3,2,NA,NA,NA
"zpid_2105592216","26-Stone-Ridge-Dr-Rutland-VT-05701",43.597083,-72.997918,141000,"3/28/16",96,3,1.25,1456,0.32,2004
"zpid_92050511","40-Amsden-Hill-Rd-Chester-VT-05143",43.333862,-72.563399,23000,"3/28/16",NA,NA,NA,NA,1,NA
"zpid_75487968","332-Back-Mountain-Rd-Windsor-VT-05089",43.455673,-72.420068,90000,"3/28/16",NA,NA,NA,NA,4.9,NA
"zpid_75490839","619-Route-12-Hartland-VT-05048",43.60604,-72.452012,225000,"3/28/16",180,3,2,1250,10.2,1981
"zpid_75459197","157-Skyline-Dr-West-Rutland-VT-05777",43.578964,-73.042361,189500,"3/28/16",98,3,1.75,1920,0.96,1966
"zpid_92275213","28-Twitchell-Ct-Williston-VT-05495",44.473185,-73.115547,305000,"3/28/16",158,3,3,1924,0.68,1981
"zpid_75432173","54-Huntington-St-Saint-Albans-VT-05478",44.807656,-73.10015,167000,"3/28/16",122,3,1.5,1359,1,1900
"zpid_92292687","15-Shamrock-Way-Milton-VT-05468",44.648336,-73.117898,292500,"3/28/16",126,3,3,2314,1.46,2008
"zpid_92248404","75-Beach-Rd-Colchester-VT-05446",44.557927,-73.239738,225000,"3/28/16",281,2,1,800,50047113.681405,1962
"zpid_111022396","161-Cottage-St-Morrisville-VT-05661",44.554244,-72.601872,167250,"3/28/16",174,2,1,960,2.57,2009
"zpid_92030541","52-Church-Hill-Rd-Websterville-VT-05678",44.158658,-72.4713,90000,"3/28/16",74,NA,2,1211,2782624071.21074,1940
"zpid_92293083","187-Woodbury-Rd-Burlington-VT-05408",44.509216,-73.255759,220000,"3/28/16",173,3,1,1270,714578994.075987,1950
"zpid_12649863","187-Woodbury-Rd-Burlington-VT-05408",44.507923,-73.257766,220000,"3/28/16",173,3,1,1270,714578994.075987,1950
"zpid_2099192991","46-Pond-Drive-Stowe-VT-05672",44.48656,-72.72545,360000,"3/26/16",121,5,4,NA,NA,NA
"zpid_92042002","163-Oak-Grove-Ave-Brattleboro-VT-05301",42.842184,-72.562527,260000,"3/25/16",100,5,3,2579,12226333996.8297,1900
"zpid_92019657","93-Temple-St-Rutland-VT-05701",43.615674,-72.964238,128000,"3/25/16",76,3,1.5,1680,0.3,1925
"zpid_2108608256","998-E-Ash-Rd-19-Plymouth-VT-05056",43.503082,-72.704443,129000,"3/25/16",106,3,3,1400,NA,1980
"zpid_81615243","144-Jedware-Cir-Swanton-VT-05488",44.938572,-73.12674,143000,"3/25/16",56,3,3,2536,1.1,1990
"zpid_92042803","79-Melrose-St-Brattleboro-VT-05301",42.853298,-72.595686,82500,"3/25/16",NA,NA,NA,NA,0.34,NA
"zpid_75485716","8-Woodland-Dr-Springfield-VT-05156",43.299649,-72.508926,55000,"3/25/16",64,3,1,850,73119338.8878788,1956
"zpid_2099820132","36-Main-St-TRLR-15-Ludlow-VT-05149",43.395843,-72.688659,23000,"3/25/16",29,2,1,784,NA,2006
"zpid_75459840","36-Gilbert-Lane-Hydeville-VT-05750",43.6046,-73.2328,115000,"3/25/16",97,2,2,1176,0.46,1995
"zpid_75415790","131-Vincent-Dr-Bristol-VT-05443",44.089661,-73.075081,160000,"3/25/16",NA,4,2,NA,1,NA
"zpid_92255221","79-Churchview-Dr-Williston-VT-05495",44.441169,-73.081424,312000,"3/25/16",238,2,2,1310,NA,2013
"zpid_92277838","28-Hart-Springs-Rd-Milton-VT-05468",44.68414,-73.190918,389000,"3/25/16",124,3,4,3113,10.8,2007
"zpid_92260153","5-Place-Dr-B-Jericho-VT-05465",44.508567,-72.984762,179000,"3/25/16",NA,NA,NA,NA,NA,NA
"zpid_75442401","3827-N-Cambridge-Rd-Jeffersonville-VT-05464",44.69715,-72.843854,72900,"3/25/16",NA,NA,NA,NA,2,NA
"zpid_92252610","19-Forest-St-Winooski-VT-05404",44.492491,-73.195414,155000,"3/25/16",84,2,NA,1826,50106701.3744261,1870
"zpid_92286899","12-Arlington-Grn-South-Burlington-VT-05403",44.443961,-73.181205,260900,"3/25/16",NA,3,1.5,NA,NA,1977
"zpid_49675427","12-Arlington-Grn-South-Burlington-VT-05403",44.443611,-73.181129,260900,"3/25/16",146,3,3,1780,761662775.297911,1977
"zpid_49675782","1302-Brand-Farm-Dr-South-Burlington-VT-05403",44.447914,-73.169608,274000,"3/25/16",133,3,2,2056,739340343.020983,1994
"zpid_115798748","64-Mansfield-Ave-2-Morrisville-VT-05661",44.553658,-72.592922,186500,"3/25/16",152,3,2,1224,NA,2004
"zpid_115796210","110-Dimick-Rd-East-Hardwick-VT-05836",44.537883,-72.275784,195000,"3/25/16",87,3,2,2224,3.2,1985
"zpid_115793085","177-Crosby-Hts-Vergennes-VT-05491",44.159642,-73.23388,304500,"3/25/16",116,4,3,2612,1,1974
"zpid_94975294","205-Winsor-Dr-White-Riv-Jct-VT-05001",43.648548,-72.340129,205000,"3/25/16",125,3,2,1636,1.8,1957
"zpid_92008305","126-Windy-Knob-Dr-Hyde-Park-VT-05655",44.632865,-72.605758,72869,"3/25/16",NA,NA,NA,NA,2.53,NA
"zpid_81612556","1219-King-Rd-Richford-VT-05476",44.965533,-72.735847,159000,"3/25/16",102,3,1,1552,1,1976
"zpid_2099157187","70-Hoisington-Rd-Weathersfield-VT-05151",43.37261,-72.472912,102,"3/24/16",217,7,4,NA,NA,NA
"zpid_2098816317","71-73-Court-St-Middlebury-VT-05753",44.00856,-73.16187,160000,"3/24/16",74,4,2,NA,NA,NA
"zpid_2099163724","41-Hunger-Ln-Stowe-VT-05672",44.48763,-72.70638,690000,"3/24/16",197,5,6,NA,NA,NA
"zpid_2098968291","137-139-Elmwood-Ave-Burlington-VT-05401",44.48417,-73.2139,577500,"3/24/16",169,6,4,NA,NA,NA
"zpid_2098817277","4-Trailside-Executive-At-Smugglers-Notch-4-Cambridge-VT-05464",44.588458,-72.783083,313000,"3/24/16",156,3,3,NA,NA,NA
"zpid_81746240","239-Breezy-Acres-Dr-Vernon-VT-05354",42.739257,-72.49543,108250,"3/24/16",NA,NA,NA,NA,0.75,NA
"zpid_81613011","63-Berkshire-Ctr-Rd-Enosburg-Falls-VT-05450",44.988796,-72.812184,107500,"3/24/16",92,3,2,1164,0.75,1840
"zpid_91995173","217-Trumbull-Hill-Rd-Shaftsbury-VT-05262",42.970602,-73.184976,177250,"3/24/16",NA,NA,NA,NA,17,NA
"zpid_75420151","130-Beech-St-Bennington-VT-05201",42.877746,-73.185204,88302,"3/24/16",77,3,1,1136,714272172.450413,1940
"zpid_115804953","155-Dorr-Dr-Rutland-VT-05701",43.597206,-72.99399,89000,"3/24/16",79,NA,1,1120,NA,1900
"zpid_92250350","355-Al-Shir-Rd-Colchester-VT-05446",44.543328,-73.248598,215000,"3/24/16",NA,NA,NA,NA,0.46,NA
"zpid_92277892","308-S-Winooski-Ave-APT-1-Burlington-VT-05401",44.470909,-73.210484,280000,"3/24/16",209,2,2.5,1336,NA,1988
"zpid_92000624","102-Mcginn-Dr-Saint-Albans-VT-05478",44.810279,-73.139689,159980,"3/24/16",NA,NA,NA,NA,0.3,NA
"zpid_92257985","353-Golf-Course-Rd-Williston-VT-05495",44.442764,-73.058261,165000,"3/24/16",NA,NA,NA,NA,10.4,NA
"zpid_92244155","201-Stonybrook-Dr-Williston-VT-05495",44.462231,-73.114271,265000,"3/24/16",168,4,2,1575,967804730.302296,1968
"zpid_115799788","5785-Mountain-Rd-Stowe-VT-05672",44.51053,-72.764857,380300,"3/24/16",204,3,3,1709,15,1973
"zpid_53713155","2255-Greenbush-Rd-Charlotte-VT-05445",44.318755,-73.254054,310000,"3/24/16",163,3,2,1900,738980.989439853,1900
"zpid_92250715","8-Timber-Ln-UNIT-36-South-Burlington-VT-05403",44.453796,-73.167248,159000,"3/24/16",NA,2,1.5,NA,NA,1968
"zpid_12653804","308-S-Winooski-Ave-APT-1-Burlington-VT-05401",44.471138,-73.209983,280000,"3/24/16",196,2,3,1424,NA,1988
"zpid_2098865699","94-Rader-Road-Wilmington-VT-05363",42.837419,-72.856284,30000,"3/23/16",37,2,1,NA,NA,NA
"zpid_92006159","78-Cady-Hill-Rd-Stowe-VT-05672",44.45526,-72.699877,505000,"3/23/16",153,6,4,3288,2,1995
"zpid_92024402","163-Wolf-Hill-Rd-Killington-VT-05751",43.696659,-72.796031,240000,"3/23/16",179,2,2,1336,10.7,1996
"zpid_115810275","45-Route-100-West-Dover-VT-05356",42.930321,-72.847819,315000,"3/23/16",NA,NA,NA,NA,2.6,NA
"zpid_75480186","785-Hale-Rd-Guilford-VT-05301",42.810379,-72.676101,57000,"3/23/16",33,4,2,1700,1,1970
"zpid_75485596","132-Fairground-Rd-Springfield-VT-05156",43.316793,-72.507269,115000,"3/23/16",81,3,2,1415,0.5,1953
"zpid_2099225128","22-Fishing-Access-Rd-Ludlow-VT-05149",43.45583,-72.7014,517000,"3/23/16",336,3,2,NA,NA,NA
"zpid_92259523","87-Lyman-Ave-Burlington-VT-05401",44.453155,-73.213803,303000,"3/23/16",119,4,2.5,2538,0.000976248533016524,1998
"zpid_92298008","42-Severance-Grn-UNIT-306-Colchester-VT-05446",44.5493,-73.1702,175900,"3/23/16",172,2,2,NA,NA,NA
"zpid_94938379","5592-Vt-Route-12a-Braintree-VT-05060",43.976168,-72.749392,24500,"3/23/16",21,3,1,1152,1,1972
"zpid_94976124","148-Victory-Cir-White-River-Junction-VT-05001",43.655399,-72.320538,159900,"3/23/16",155,3,1,1026,0.3,1956
"zpid_12653671","230-College-St-APT-2-Burlington-VT-05401",44.477188,-73.210905,284200,"3/23/16",269,2,2,1056,NA,1955
"zpid_92276545","230-College-St-APT-2-Burlington-VT-05401",44.477188,-73.210905,284200,"3/23/16",269,2,1,1056,NA,1955
"zpid_75430703","26-Lincoln-Ave-Saint-Albans-VT-05478",44.811394,-73.080282,194000,"3/23/16",69,4,2.5,2788,0.27,1840
"zpid_92278209","938-Pine-St-Burlington-VT-05401",44.452776,-73.214379,303000,"3/23/16",222,3,3,1364,760707770.705073,1913
"zpid_92298008","42-Severance-Grn-UNIT-306-Colchester-VT-05446",44.5493,-73.1702,175900,"3/23/16",172,2,2,NA,NA,NA
"zpid_92259523","87-Lyman-Ave-Burlington-VT-05401",44.453155,-73.213803,303000,"3/23/16",119,4,2.5,2538,0.000976248533016524,1998
"zpid_92276799","901-Lake-Rd-Milton-VT-05468",44.986367,-72.8993,296000,"3/23/16",NA,NA,NA,NA,NA,NA
"zpid_75420110","135-Webb-St-Bennington-VT-05201",42.877787,-73.182736,28000,"3/22/16",54,4,1,1380,944400730.759871,1900
"zpid_92043568","231-Sherwood-Cir-Brattleboro-VT-05301",42.863886,-72.621432,135000,"3/22/16",135,3,1,1000,0.34,1995
"zpid_75490157","202-Mountain-Vw-Chester-VT-05143",43.255669,-72.581988,95000,"3/22/16",85,4,1,1110,9437789460.55888,1945
"zpid_75457514","477-Old-Plymouth-Rd-Shrewsbury-VT-05738",43.530685,-72.817037,180000,"3/22/16",157,2,1.5,1140,1.6,1992
"zpid_12650527","170-Ethan-Allen-Pkwy-Burlington-VT-05408",44.508453,-73.241653,197000,"3/22/16",135,2,1,1450,485424605.875987,1958
"zpid_92274224","223-Eastview-Cir-Williston-VT-05495",44.477357,-73.11007,238000,"3/22/16",NA,NA,NA,NA,NA,NA
"zpid_92297673","170-Ethan-Allen-Pkwy-Burlington-VT-05408",44.508592,-73.241446,197000,"3/22/16",135,2,1,1450,485424605.875987,1958
"zpid_75416094","406-S-Bingham-St-Cornwall-VT-05753",43.937939,-73.2335,210000,"3/22/16",108,4,2,1940,2.18,1939
"zpid_75433085","665-Kittell-Rd-Sheldon-VT-05483",44.875369,-72.897649,163000,"3/22/16",111,3,1,1466,1.2,1997
"zpid_81623796","3112-Vt-Route-116-Starksboro-VT-05487",44.229359,-73.056829,215000,"3/22/16",NA,NA,NA,NA,1,NA
"zpid_81613351","4-Fonda-Ct-Swanton-VT-05488",44.874682,-73.09865,233000,"3/22/16",141,3,3,1648,1,2005
"zpid_92282720","440-Ledge-View-Dr-Huntington-VT-05462",44.330063,-72.994015,376000,"3/22/16",125,2,NA,3000,78.9,1985
"zpid_118030931","30-Meadow-Dr-Barre-VT-05641",44.216852,-72.520606,185000,"3/22/16",150,2,1,1232,1.9,2011
"zpid_75446678","122-Ryder-Rd-Corinth-VT-05039",44.011729,-72.350449,109330,"3/22/16",80,2,1,1352,5,1850
"zpid_92281722","44-Indigo-Ln-Essex-Junction-VT-05452",44.491041,-73.060217,362000,"3/22/16",NA,NA,NA,NA,NA,NA
"zpid_115795791","29-Hosmer-Brook-Dr-Groton-VT-05046",44.285546,-72.273472,349000,"3/21/16",115,3,2,3028,0.94,1950
"zpid_81615003","5075-Fairfield-Rd-East-Fairfield-VT-05448",44.739185,-72.948738,225500,"3/21/16",67,3,3,3352,2.12,2006
"zpid_2140641624","265-Landmark-Ln-Stowe-VT-05672",44.4841,-72.659,450000,"3/21/16",264,3,3,1700,NA,2013
"zpid_12648479","78-Barley-Rd-Burlington-VT-05408",44.517711,-73.25772,215000,"3/21/16",149,3,1,1440,714969260.375918,1975
"zpid_91994211","4-Hillside-St-North-Bennington-VT-05257",42.913993,-73.246801,172500,"3/21/16",NA,0,0,0,0.239990817263545,0
"zpid_92037049","37-Wildwood-Acres-Rd-Newfane-VT-05345",42.949332,-72.646932,142500,"3/21/16",114,3,1,1250,0.6,1985
"zpid_75418052","2190-S-Stream-Rd-Bennington-VT-05201",42.822651,-73.169298,375000,"3/21/16",180,4,3,2083,2.78,1969
"zpid_75487548","1361-County-Rd-Windsor-VT-05089",43.49827,-72.409402,112000,"3/21/16",74,3,1,1500,0.8,1940
"zpid_92022248","131-Killington-Ave-Rutland-VT-05701",43.606874,-72.959827,75000,"3/21/16",48,3,2,1539,0.54,1883
"zpid_92049860","230-Route-44-Windsor-VT-05089",43.468837,-72.405051,24000,"3/21/16",16,3,1,1440,0.5,1950
"zpid_111709666","51-Braeloch-Rd-Colchester-VT-05446",44.592227,-73.210184,195000,"3/21/16",NA,NA,NA,NA,3,NA
"zpid_92002790","74-Featherbed-Ln-South-Hero-VT-05486",44.645238,-73.268215,380000,"3/21/16",134,4,3,2823,1.8,1968
"zpid_75431339","19-Rugg-St-Saint-Albans-VT-05478",44.807184,-73.080391,130000,"3/21/16",80,3,1,1623,7153882006.24197,1900
"zpid_92000206","50-Nason-St-Saint-Albans-VT-05478",44.803905,-73.092805,164900,"3/21/16",NA,NA,NA,NA,0.73,NA
"zpid_92292364","294-Stonybrook-Dr-Williston-VT-05495",44.462419,-73.113777,280000,"3/21/16",116,3,2,2409,7401494694.71963,1987
"zpid_92296437","75-Colchester-Point-Rd-Colchester-VT-05446",44.546335,-73.271626,370000,"3/21/16",NA,NA,NA,NA,0.38,NA
"zpid_81614032","158-Tabor-Hill-Rd-Fairfax-VT-05454",44.704012,-72.971884,60000,"3/21/16",67,3,1.5,888,10.9,1969
"zpid_75433089","1583-Kittell-Rd-Enosburg-Falls-VT-05450",44.868782,-72.880159,37500,"3/21/16",26,3,1,1400,1,1900
"zpid_2101480757","42-Severance-Grn-UNIT-306-Colchester-VT-05446",44.529773,-73.174447,175900,"3/21/16",172,2,2,1020,NA,2007
"zpid_75472490","77-Marshfield-Rd-Plainfield-VT-05667",44.363533,-72.430716,155000,"3/21/16",NA,NA,NA,NA,0.6,NA
"zpid_123975883","1-Sienna-Ln-Essex-Junction-VT-05452",44.4855,-73.1055,295000,"3/21/16",207,2,2,1422,NA,2014
"zpid_123975942","7-Sienna-Ln-Essex-Junction-VT-05452",44.4855,-73.1055,295000,"3/21/16",147,3,3,2000,0.6,2014
"zpid_124572130","20-Harbor-View-Dr-Saint-Albans-VT-05478",44.791469,-73.095714,318000,"3/21/16",152,3,3,2087,0.44,2015
"zpid_124786504","18-N-Jefferson-Rd-South-Burlington-VT-05403",44.42123,-73.191737,564000,"3/21/16",NA,NA,NA,NA,0.26,NA
"zpid_75439607","138-Jersey-Way-Morrisville-VT-05661",44.555425,-72.606908,290000,"3/21/16",NA,NA,2.5,NA,0.46,NA
"zpid_92283413","3-Irene-Ave-Essex-Junction-VT-05452",44.515395,-73.046527,234000,"3/21/16",NA,NA,NA,NA,NA,NA
"zpid_92283215","1099-Pine-St-Burlington-VT-05401",44.448419,-73.214672,3e+05,"3/21/16",191,3,1.5,1563,0.32,1955
"zpid_117709065","15-Clifford-Dr-101-Milton-VT-05468",44.491874,-73.195963,286000,"3/21/16",NA,0,0,0,0.0300045913682277,0
"zpid_92261835","76-Seth-Cir-Williston-VT-05495",44.447874,-73.100445,194000,"3/21/16",NA,NA,NA,NA,NA,NA
"zpid_92280525","51-Braeloch-Rd-Colchester-VT-05446",44.592227,-73.210184,195000,"3/21/16",NA,NA,NA,NA,2.5,NA
"zpid_81615040","126-Hummingbird-Cir-Franklin-VT-05457",44.997374,-72.935157,315000,"3/21/16",171,3,3,1832,15,2003
"zpid_81612990","78-Berkshire-Est-Enosburg-Falls-VT-05450",44.941806,-72.814082,120000,"3/21/16",89,3,2,1344,10.1,2002
"zpid_75452681","2692-Bates-Hill-Rd-Derby-VT-05829",44.946275,-72.055119,115,"3/21/16",NA,NA,NA,NA,260,NA
"zpid_75435387","8-Andy-Ave-Swanton-VT-05488",44.916431,-73.106387,209000,"3/21/16",141,4,2,1472,0.8,2000
"zpid_2099134881","534-Bacon-Hollow-Rd-Sunderland-VT-05250",43.09084,-73.11336,279000,"3/20/16",126,3,2,2200,2,2007
"zpid_2099248242","53-Rochester-St-Hardwick-VT-05843",44.51158,-72.37383,115000,"3/20/16",55,5,3,NA,NA,NA
"zpid_2099264654","12-Finch-Road-Fairfax-VT-05454",44.67038,-72.97392,277000,"3/19/16",137,3,3,NA,NA,NA
"zpid_75453358","196-North-St-Middletown-Springs-VT-05757",43.500148,-73.119414,85000,"3/19/16",121,NA,2,701,5.2,1960
"zpid_75465164","12-Philbrook-St-Barre-VT-05641",44.189197,-72.479519,189000,"3/19/16",68,4,2,2744,0.32,1972
"zpid_81599797","335-Old-Coach-Rd-Lyndonville-VT-05851",44.588722,-72.023727,165000,"3/18/16",76,5,3,2153,15.4,1974
"zpid_115810325","121-Falls-Brook-Rd-Dummerston-VT-05301",42.955828,-72.609368,53500,"3/18/16",NA,NA,NA,NA,1,NA
"zpid_75481045","45-Pleasant-St-Ext-Ludlow-VT-05149",43.392705,-72.683444,150000,"3/18/16",107,3,1,1400,0.3,1952
"zpid_75460521","1402-E-Clarendon-Rd-North-Clarendon-VT-05759",43.545024,-72.939995,289900,"3/18/16",103,4,3,2800,4.2,1989
"zpid_75475423","249-Darby-Hill-Rd-Bellows-Falls-VT-05101",43.174251,-72.472667,159100,"3/18/16",103,3,2,1539,3.8,2000
"zpid_75485537","871-French-Meadow-Rd-Springfield-VT-05156",43.321918,-72.525941,215000,"3/18/16",159,3,2,1344,49.1,1986
"zpid_2099992346","3112-Rte-116-Starksboro-VT-05487",44.362411,-73.124763,215000,"3/18/16",172,3,1,1248,1,1981
"zpid_92022603","52-North-St-Rutland-VT-05701",43.617813,-72.978753,25000,"3/18/16",14,3,2,1774,738693160.052296,1878
"zpid_12655264","31-Southwind-Dr-Burlington-VT-05401",44.454547,-73.224273,322500,"3/18/16",187,2,3,1716,NA,1990
"zpid_92296800","47-Claire-Point-Rd-Burlington-VT-05408",44.525971,-73.269561,242500,"3/18/16",161,2,2,1498,NA,2002
"zpid_81614443","35-Shedd-Rd-Fairfax-VT-05454",44.685447,-73.035377,335500,"3/18/16",127,3,3,2637,10.8,1989
"zpid_35978139","334-Hildred-Dr-Burlington-VT-05401",44.486122,-73.195365,176000,"3/18/16",176,2,1,1000,NA,1992
"zpid_81602495","1354-Daniels-Farm-Rd-Waterford-VT-05819",44.390979,-71.967994,299000,"3/18/16",97,3,3,3076,7.7,2005
"zpid_62040445","47-Claire-Point-Rd-Burlington-VT-05408",44.526432,-73.27008,242500,"3/18/16",161,2,2,1498,NA,2002
"zpid_118893834","406-S-Bingham-St-Cornwall-VT-05753",43.937939,-73.2335,210000,"3/18/16",NA,NA,NA,NA,NA,NA
