"z_id","address","lat","long","price","beds","baths","sqft","acres","yr_built"
"zpid_124573351","25-Eastridge-Circle-Mendon-VT-05701",43.610414,-72.935465,264900,3,3,3026,NA,NA
"zpid_2098992658","135-E-Mountain-Road-1c4-1C4-Killington-VT-05751",43.629613,-72.794571,69900,2,2,900,NA,NA
"zpid_49677758","16-Oak-Creek-Dr-South-Burlington-VT-05403",44.437553,-73.158386,427000,4,3,2522,NA,NA
"zpid_92257233","58-Foothills-Dr-Jericho-VT-05465",44.521864,-72.967706,369900,4,3,3628,NA,NA
"zpid_2099070847","8-Sanctuary-Cir-8-White-River-Junction-VT-05001",43.666149,-72.323459,299900,3,3,1841,NA,NA
"zpid_2099347613","135-E-Mountain-Rd-1F9-Killington-VT-05751",43.629804,-72.794625,49900,0.5,1,646,NA,NA
"zpid_92254617","22-Pleasant-St-Essex-Junction-VT-05452",44.491525,-73.104041,299900,4,3,2885,NA,NA
"zpid_81613208","21-Glen-Ridge-Ln-Saint-Albans-VT-05478",44.90524,-73.065603,197000,3,1,1458,NA,NA
"zpid_92250723","346-Broadlake-Rd-Colchester-VT-05446",44.542423,-73.284108,695000,3,3,2498,NA,NA
"zpid_75470803","265-Wildflower-Ln-Waterbury-Center-VT-05677",44.396922,-72.717875,490000,3,2,2995,NA,NA
"zpid_92053542","43-Saunders-Ave-White-River-Junction-VT",43.658154,-72.316076,229900,4,2,2016,NA,NA
"zpid_75446405","59-Bradshaw-Xrd-Chelsea-VT-05038",43.997138,-72.514855,265000,2,2,1600,NA,NA
"zpid_118030062","195-Hook-Rd-Chelsea-VT-05038",43.988929,-72.515539,159000,NA,NA,NA,23,NA
"zpid_2108607703","57-Alpine-Dr-G-204-Killington-VT-05751",43.662076,-72.840399,115000,2,2,899,NA,NA
"zpid_75456845","236-W-Ridge-Ter-Rutland-VT-05701",43.61224,-72.944802,279000,4,3,2437,NA,NA
"zpid_115814316","2680-Hartford-Ave-UNIT-36-White-River-Junction-VT-05001",43.683384,-72.317573,219900,2,3,1780,NA,NA
"zpid_75419720","124-Convent-Ave-Bennington-VT-05201",42.884684,-73.206924,155000,4,1,1068,NA,NA
"zpid_2099202992","183-Rays-Way-Hartford-VT-05001",43.691259,-72.395579,385000,3,3,3410,NA,NA
"zpid_2099891506","17C-Harlow-Hl-C-Randolph-VT-05060",43.935425,-72.642241,129900,2,2,1120,NA,NA
"zpid_2098844088","130-Goldmine-Rd-Readsboro-VT-05350",42.75691,-72.972317,139000,0.5,1,NA,NA,NA
"zpid_2098842580","1903-Vt-Rte-100-South-Duxbury-VT-05660",44.262247,-72.787954,340000,3,3,2296,NA,NA
"zpid_2098860355","229-Miltimore-Rd-Concord-VT-05824",44.409123,-71.892456,104500,2,1,768,NA,NA
"zpid_2098843108","2838-Vt-153-West-Pawlet-VT-05775",43.356278,-73.25093,64999,3,2,1800,NA,NA
"zpid_115806033","43-Prospect-St-Rutland-VT-05701",43.604058,-72.975609,90000,7,2,2696,NA,NA
"zpid_2099173379","104-Ridge-Castleton-VT-05701",43.624623,-73.233635,199900,3,1,1325,NA,NA
"zpid_2104239867","260-Mansfield-Londonderry-VT-05148",43.211226,-72.777079,255000,3,3,2492,NA,NA
"zpid_92270716","25-Saybrook-Rd-Essex-Junction-VT-05452",44.509924,-73.074909,162000,2,1,1000,NA,NA
"zpid_2098858843","201-East-St-Waterbury-VT-05676",44.370464,-72.864295,42000,2,1,1100,NA,NA
"zpid_124572076","2018-Goss-Hollow-Rd-Saint-Johnsbury-VT-05819",44.467254,-72.065005,159000,4,2,3100,NA,NA
"zpid_92029226","1442-Brook-Rd-Town-Of-Marshfield-VT",44.378911,-72.37099,89900,NA,NA,NA,40.7,NA
"zpid_2098859749","662-Cyrus-Whitingham-VT-05361",42.748352,-72.851011,99900,2,NA,950,NA,NA
"zpid_2098853324","9-Cabot-Rd-Marshfield-VT-05658",44.352244,-72.34857,168000,4,2,2000,NA,NA
"zpid_2098843959","100-Park-St-Essex-Junction-VT-05452",44.483685,-73.114475,268000,3,3,2064,NA,NA
"zpid_2098863215","850-Park-St-Brandon-VT-05733",43.803709,-73.072601,230000,6,3,3202,NA,NA
"zpid_92021222","41-Prospect-St-Rutland-VT-05701",43.604127,-72.975625,90000,3,2,3158,NA,NA
"zpid_2106773526","223-Pine-St-Castleton-VT-05735",43.607121,-73.235626,60000,3,1,1147,NA,NA
"zpid_92019708","102-Brown-St-Rutland-VT-05701",43.601325,-72.982319,69000,4,2,1648,NA,NA
"zpid_2102528685","46-Beech-Leicester-VT-05769",43.669338,-73.036051,59900,2,1,732,NA,NA
"zpid_2104741950","Old-Stagecoach-Rd-Barnard-VT-05031",43.7665,-72.5935,55000,2,NA,576,NA,NA
"zpid_2125668940","11-Bianchi-St-Barre-Town-VT-05649",44.159634,-72.448799,39900,3,1,1244,NA,NA
"zpid_2098846279","7412-Mountain-Rd-410-Stowe-VT-05672",44.529529,-72.782463,189000,3,4,2500,NA,NA
"zpid_92290768","37-Bittersweet-Ln-Burlington-VT-05401",44.459761,-73.211386,454000,3,2,2096,NA,NA
"zpid_2098847498","0-Monument-Hill-Rd-Springfield-VT-05156",43.30723,-72.4763,69900,NA,NA,NA,10.3,NA
"zpid_92270428","1056-Falls-Rd-Shelburne-VT-05482",44.370916,-73.218166,235000,4,2,1810,NA,NA
"zpid_92053925","207-Latham-Works-Ln-White-River-Junction-VT-05001",43.645267,-72.316369,169000,5,3,2328,NA,NA
"zpid_81614179","20-Snowcrest-Rd-Fairfax-VT-05454",44.753848,-73.052566,219900,3,1,1158,NA,NA
"zpid_2098857860","253-Old-Quechee-Rd-E-Hartford-VT-05059",43.648233,-72.412983,79000,2,3,1063,NA,NA
"zpid_92042402","11-Estabrook-St-Brattleboro-VT-05301",42.849369,-72.558557,90000,3,2,1148,NA,NA
"zpid_92254779","1484-Jericho-Rd-Richmond-VT-05477",44.420581,-72.978526,214900,3,2,NA,NA,NA
"zpid_92260126","189-Abigail-Dr-Colchester-VT-05446",44.507408,-73.200189,285000,3,2,1362,NA,NA
"zpid_2098853081","2090-Quechee-Main-St-Hartford-VT-05001",43.64939,-72.423507,310000,3,4,2644,NA,NA
"zpid_2098833733","Lots-59-60-Alpendorf-Ave-Readsboro-VT-05350",42.78869,-72.97626,9900,NA,NA,NA,3.2,NA
"zpid_2098830467","0-Toppin-Rd-Ira-VT-05777",43.56118,-73.04237,1290000,0,0,0,0.0290174471992654,0
"zpid_12648867","142-James-Ave-Burlington-VT-05408",44.516433,-73.246704,225000,3,2,1810,7387743346.69366,1976
"zpid_2098858346","379-Golf-Crse-Richford-VT-05476",45.009594,-72.634422,30000,NA,NA,NA,5.1,NA
"zpid_92033915","1557-Danville-Hill-Rd-Cabot-VT-05647",44.39819,-72.283528,248000,4,3,2494,9.2,1840
"zpid_2102587266","752-Cook-Rd-Barton-VT-05822",44.7637,-72.113722,65000,NA,1,480,10.4,2004
"zpid_2098830754","Alpenwald-Ln-LOT-241-Readsboro-VT-05350",42.78869,-72.97626,14900,NA,NA,NA,1.2,NA
"zpid_92263913","39-Woods-End-Dr-Essex-Junction-VT-05452",44.487476,-73.088863,389000,4,3,2500,0.89,1985
"zpid_75438985","2547-Sterling-Valley-Rd-Morrisville-VT-05661",44.524688,-72.692642,520000,4,4,3306,10.5,1972
"zpid_2098830465","Alpenwald-Ln-LOT-149-Readsboro-VT-05350",42.78869,-72.97626,14900,NA,NA,NA,1,NA
"zpid_2098858996","Sangamon-Rd-Pittsford-VT-05763",43.688599,-72.970718,69000,NA,NA,NA,5.57,NA
"zpid_2098834259","472-Tracy-Hill-Rd-Roxbury-VT-05669",44.09115,-72.725873,99900,3,2,1200,10.2,2011
"zpid_75425886","277-Shoreline-Dr-Barnet-VT-05821",44.298391,-72.134405,499000,3,4,2700,3,2001
"zpid_2098846409","6-Chamberlain-Ln-LOT-B-Waterford-VT-05819",44.340283,-71.954422,34950,NA,NA,NA,1.76,NA
"zpid_92282741","51-Tilden-Ave-Richmond-VT-05477",44.407507,-72.992991,215000,3,1,1554,0.36,1921
"zpid_2098863088","1899-Johnson-Rd-Concord-VT-05824",44.398395,-71.824669,150000,3,1,1288,10,2008
"zpid_75476927","452-Peck-Ln-Westminster-VT-05158",43.059839,-72.517159,289000,3,3,2700,19.4,1990
"zpid_2098852045","1633-Scott-Hwy-Groton-VT-05046",44.211698,-72.19956,122500,2,1,936,21.8,1988
"zpid_92008011","104-Eden-St-Hyde-Park-VT-05655",44.593559,-72.613735,250000,3,2,2342,0.84,1880
"zpid_2098835362","601-Sarum-Hill-Lane-Randolph-Randolph-VT-05060",43.9497,-72.67693,1295000,4,4,6012,131,2004
"zpid_2098849256","914-Deerbrook-Way-Woodstock-VT-05091",43.606315,-72.60186,549000,3,2,2724,11.2,1990
"zpid_2098861981","752-Cook-Barton-VT-05822",44.7637,-72.113722,65000,NA,1,480,10.4,2004
"zpid_2098857984","220-Fleury-Rd-Hyde-Park-VT-05655",44.650013,-72.597772,38000,NA,NA,NA,3.32,NA
"zpid_2110852205","28-E-Washington-St-Rutland-VT-05701",43.606515,-72.96878,149000,3,2,1344,737706315.929752,1900
"zpid_75489977","312-North-St-Chester-VT-05143",43.275569,-72.59406,105000,5,1,2090,0.29,1850
"zpid_92045015","912-Us-Route-5-Dummerston-VT-05301",42.919163,-72.537007,139900,2,1,912,2,1979
"zpid_92279557","409-Farrell-St-APT-213-South-Burlington-VT-05403",44.450061,-73.20404,165000,2,1,963,NA,2004
"zpid_2098859526","0-Ironwood-Rd-Fairfax-VT-05454",44.764336,-73.080717,115000,NA,NA,NA,10.9,NA
"zpid_81746041","230-Barber-Pond-Rd-Pownal-VT-05261",42.794909,-73.217857,205000,4,3,2495,2.32,1978
"zpid_92263205","49-Windy-Pnes-Huntington-VT-05462",44.334826,-72.995837,359000,3,3,2240,18.9,2000
"zpid_75452029","2602-Salem-Derby-Rd-Newport-VT-05855",44.902037,-72.118141,1e+05,3,2,1331,1,1800
"zpid_92255027","11-Mountain-Rd-Underhill-VT-05489",44.51511,-72.883729,474900,3,3,2856,10.1,1980
"zpid_75445630","157-Felicity-1st-Ave-Williamstown-VT-05679",44.129642,-72.500013,324000,4,2,2230,11,1979
"zpid_94940934","21-Lewiston-Hill-Rd-Norwich-VT-05055",43.70583,-72.303144,299000,2,2,1320,508082308.125505,1947
"zpid_115810473","114-Partridge-Rd-Guilford-VT-05301",42.937088,-72.560625,149900,2,1,952,0.5,2008
"zpid_2098847499","83-S-Jefferson-Rd-39-R-South-Burlington-VT-05403",44.4398,-73.1918,424900,3,3,1775,NA,2016
"zpid_2098849257","3550-Cox-District-Rd-Woodstock-VT-05091",43.615925,-72.570881,529000,3,3,2672,5.68,2004
"zpid_2098824835","410-Farrell-St-APT-313-South-Burlington-VT-05403",44.450081,-73.2051,219900,2,2,1200,NA,2006
"zpid_2101544883","Route-7-LOT-3-Ferrisburgh-VT-05473",44.24859,-73.20227,49000,NA,NA,NA,5.01,NA
"zpid_2103138551","Lot-2-Cross-Rd-Cabot-VT-05647",44.437,-72.3017,22000,NA,NA,NA,2.57,NA
"zpid_2098847659","69-S-Jefferson-Rd-39-L-South-Burlington-VT-05403",44.4398,-73.1918,454500,3,3,2023,NA,2016
"zpid_75464583","1-Deerfield-Ave-Barre-VT-05641",44.153022,-72.517898,164000,4,1,1872,9455282373.32332,1964
"zpid_115807239","212-Cityside-Dr-UNIT-52-Montpelier-VT-05602",44.264959,-72.562054,259000,3,2,1700,NA,1987
"zpid_2098852256","10-Depot-St-3-Wilmington-VT-05363",42.867886,-72.874932,265000,6,3,NA,0.65,1898
"zpid_92296986","189-Green-Hills-Dr-Shelburne-VT-05482",44.368252,-73.230033,310000,3,2,2144,0.37,1975
"zpid_2098862272","3733-Lakeview-Dr-North-Hero-VT-05474",44.906897,-73.235452,199999,3,2,1508,12.3,2002
"zpid_2102556728","370-Williams-Ln-Quechee-VT-05059",43.647099,-72.420181,187000,4,3,1920,0.4,1974
"zpid_2113563818","449-High-Meadow-Way-Danby-VT-05739",43.128095,-72.893126,385500,3,3,3100,9.01,1996
"zpid_111977206","15-Martell-Rd-Milton-VT-05468",44.625082,-73.093633,429500,4,5,3276,10.1,2011
"zpid_115794043","142-Lincoln-St-Pownal-VT-05261",42.769719,-73.242865,155900,4,2,1624,0.48,2010
"zpid_2098848119","73-S-Jefferson-Rd-39-M-South-Burlington-VT-05403",44.417494,-73.194779,356600,2,3,1504,NA,2016
"zpid_2103138552","Lot-1-Walbridge-Rd-Cabot-VT-05647",44.439,-72.2974,22000,NA,NA,NA,2.57,NA
"zpid_49676584","41-Elsom-Pkwy-South-Burlington-VT-05403",44.461013,-73.164611,352900,3,2,2248,0.26,1955
"zpid_12654902","47-Hillcrest-Rd-Burlington-VT-05401",44.461105,-73.202812,649900,3,3,2798,0.48,1932
"zpid_2098898919","285-Sadlar-Meadow-Rd-Richmond-VT-05477",44.427214,-72.983304,450000,5,3,3200,NA,2015
"zpid_2098859909","43-Ellis-Brook-Rd-Dover-VT-05356",42.954853,-72.847137,225900,3,2,1400,NA,1982
"zpid_2098834647","100-Hartness-Way-Quechee-VT-05059",43.65604,-72.419291,179000,3,3,NA,1,NA
"zpid_2098839739","694-Luce-Calais-VT-05650",44.35392,-72.42587,385000,3,3,3000,11,2011
"zpid_75439147","1537-Randolph-Rd-Morrisville-VT-05661",44.540665,-72.591662,185000,3,1,1226,4.4,1976
"zpid_2098834260","2567-Windham-Hill-Rd-Townshend-VT-05353",43.118926,-72.709391,154900,3,1,1100,0.5,1970
"zpid_75480480","461-Sugar-House-Hill-Rd-Guilford-VT-05301",42.808768,-72.656591,189900,3,3,NA,3,NA
"zpid_92251928","305-Westview-Dr-Shelburne-VT-05482",44.407301,-73.202751,795000,3,3,3016,4.18,1989
"zpid_92018773","60-Campbell-Rd-Rutland-VT-05701",43.588702,-72.993268,224900,3,3,2400,0.49,1991
"zpid_2098830466","0-Fort-Dummer-Hts-Brattleboro-VT-05301",42.84445,-72.5993,110000,NA,NA,NA,3.79,NA
"zpid_75419558","2320-West-Rd-Bennington-VT-05201",42.877265,-73.25624,169900,3,2,1872,2.84,1946
"zpid_2098856733","51-Mary-White-Tunbridge-VT-05077",43.95015,-72.499463,225000,2,2,NA,67,NA
"zpid_75455087","584-South-St-Poultney-VT-05764",43.508664,-73.234641,169900,4,2,1900,4.17,1900
"zpid_2122194019","444-Maquam-Shore-Rd-Swanton-VT-05488",44.911446,-73.16338,258000,2,1,1145,484723922.222337,2005
"zpid_2098852544","12-Kibbe-Point-Road-&-3-Haycorn-Holw-South-Hero-VT-05486",44.64687,-73.281662,590000,5,4,3880,6.3,1851
"zpid_2098842684","43-Middle-Ridge-Rising-Bear-118-Stratton-VT-05155",43.18233,-72.82278,493500,3,2,1352,NA,2004
"zpid_124480531","283-Hardscrabble-Rd-Bristol-VT-05443",44.157315,-73.104383,287400,3,3,1664,2.15,2011
"zpid_2098827585","58-Poor-Farm-Rd-Alburg-VT-05440",44.654902,-73.12193,249000,5,3,NA,NA,NA
"zpid_81746960","1055-W-Mountain-Rd-Shaftsbury-VT-05262",42.980472,-73.224308,395000,4,4,2496,55.7,1976
"zpid_75420733","245-Union-St-Bennington-VT-05201",42.876747,-73.190307,109900,2,1,840,50138241.09045,1900
"zpid_94938605","157-Memphremagog-Vw-UNIT-D2-Newport-VT-05855",44.932288,-72.227644,159900,2,2,1000,NA,2004
"zpid_2098833117","(Undisclosed-Address)-Burke-VT-05832",44.589893,-71.902924,107500,0.5,1,480,NA,1978
"zpid_2098862443","1307-S-Route-116-Bristol-VT-05443",44.110384,-73.096924,123000,3,2,940,0.28,1994
"zpid_2098862160","12-Ketcham-Dr-12-Essex-Junction-VT-05452",44.479772,-73.127785,309000,3,3,2138,NA,2006
"zpid_75437623","2737-Georgia-Shore-Rd-Saint-Albans-VT-05478",44.747852,-73.185417,325000,3,3,2000,0.26,1991
"zpid_2102181601","14-Brady-Montgomery-VT-05471",44.836796,-72.627844,399900,3,2,1851,10.1,1972
"zpid_12652444","47-N-Winooski-Ave-Burlington-VT-05401",44.481964,-73.211532,449900,5,2,1972,1198283928.18893,1910
"zpid_2144685253","3-Haycorn-Hollow-Rd-South-Hero-VT-05486",44.646869,-73.281661,175000,2,1,732,1,1920
"zpid_2098838489","811-Phillips-Hill-Rd-Halifax-VT-05358",42.736754,-72.767407,219900,2,2,NA,10.4,NA
"zpid_75416974","259-Wind-Hill-Rd-Manchester-Center-VT-05255",43.206741,-73.043731,1395000,4,4,3488,10.7,1992
"zpid_2098862740","24-Greenwoods-Rd-Alburgh-VT-05440",44.991953,-73.227418,75000,3,1,1228,0.5,1890
"zpid_2098853448","0-Old-Depot-Rd-Arlington-VT-05250",43.034552,-73.166661,199000,NA,NA,NA,5.35,NA
"zpid_115812948","590-Ranney-Rd-Stockbridge-VT-05772",43.755996,-72.717208,265000,2,3,1854,2.4,2005
"zpid_92000665","128-Loomis-Ln-Saint-Albans-VT-05478",44.842718,-73.10374,304900,3,3,2356,1.27,2000
"zpid_2141408320","565-Chapel-Rd-Bennington-VT-05201",42.897846,-73.180038,69900,NA,NA,NA,4.1,NA
"zpid_75465326","11-Balsam-Dr-Barre-VT-05641",44.193588,-72.474494,195000,3,2.5,2268,0.32,1963
"zpid_2126158245","918-Lovers-Ln-Chester-VT-05143",43.280862,-72.614787,5e+05,5,3,2710,77,1791
"zpid_75444614","3534-Sawnee-Bean-Rd-Thetford-Center-VT-05075",43.876692,-72.289312,555000,3,2,2317,95,1978
"zpid_2102150633","989-Carlisle-Hl-Goshen-VT-05733",43.861654,-73.015498,339000,0.5,NA,NA,NA,1935
"zpid_92262067","239-Hawley-Rd-Shelburne-VT-05482",44.391734,-73.205847,697000,4,3,3624,0.37,2004
"zpid_75455036","789-E-Main-St-Poultney-VT-05764",43.521495,-73.218757,189900,3,2,2440,0.5,1900
"zpid_2098861869","32-Castlerock-Rd-32-Warren-VT-05674",44.140588,-72.890994,325000,3,2,1300,NA,1978
"zpid_54212304","175-Juniper-Dr-South-Burlington-VT-05403",44.473506,-73.17469,239000,2,3,1700,27,2000
"zpid_75468404","259-Beckley-Hill-Rd-Barre-VT-05641",44.217781,-72.509752,367500,5,3.5,3000,2.42,1985
"zpid_75451014","8-Frog-Pond-Rd-Brownington-VT-05860",44.819603,-72.183807,165000,3,2,1560,3.06,1965
"zpid_92040898","15-Covey-Rd-Brattleboro-VT-05301",42.848963,-72.636632,175000,3,2,1640,0.42,1890
"zpid_92277020","515-Middle-Rd-Milton-VT-05468",44.588198,-73.13068,399900,4,3,3010,10.1,1964
"zpid_92260766","370-Farrell-St-APT-307-South-Burlington-VT-05403",44.449992,-73.20433,155000,NA,1,760,NA,2005
"zpid_92250484","798-Ridgefield-Rd-Shelburne-VT-05482",44.357379,-73.243851,959000,5,5,5800,2.5,1998
"zpid_49678054","27-Pinnacle-Dr-South-Burlington-VT-05403",44.435359,-73.190727,875000,4,4,5600,1.14,1999
"zpid_2098833934","118-Highland-Dr-Montgomery-VT-05471",44.888843,-72.545253,155500,4,3,2074,0.5,1972
"zpid_2098847220","163-Holiday-Pt-Rd-North-Hero-VT-05474",44.882297,-73.244149,178000,3,1,890,1,1947
"zpid_2098826170","20-Old-Snow-Vly-Winhall-VT-05340",43.202401,-72.98889,155000,5,2,1417,0.32,1965
"zpid_2098862365","5-N-Kirk-And-Fitts-Rd-Alburgh-VT-05440",44.980888,-73.308867,129000,2,1,660,49726417.8596419,1966
"zpid_81746785","486-Birch-Hill-Rd-Shaftsbury-VT-05262",43.007987,-73.203887,489000,4,3,3904,10,2002
"zpid_2098863363","449-High-Mdw-Danby-VT-05739",43.128095,-72.893126,385500,3,3,3100,9.01,1996
"zpid_92256629","42-Valley-View-Dr-Milton-VT-05468",44.610717,-73.169483,419900,4,3,2735,1.4,1995
"zpid_81624811","98-Wildflower-Ln-Bristol-VT-05443",44.165189,-73.115372,318500,4,2.5,2240,2.1,2005
"zpid_75467230","15-Ewing-St-Montpelier-VT-05602",44.263409,-72.567074,230000,3,NA,1476,NA,1900
"zpid_75457205","216-Linda-Dr-Rutland-VT-05701",43.635274,-72.959997,249900,3,3,2770,1,1968
"zpid_81602541","809-Pierce-Hill-Rd-Sutton-VT-05867",44.672594,-72.017514,349500,4,2,2700,28,2005
"zpid_2098829897","24-26-S-Maple-Vergennes-VT-05491",44.166517,-73.252109,224900,0.5,NA,NA,NA,1880
"zpid_2098828263","326-White-Brook-Rd-Sharon-VT-05065",43.790961,-72.477883,229000,3,2,1656,NA,1982
"zpid_2098828500","2931-Route-18-Waterford-VT-05819",44.3661,-72.0391,340000,3,2,2055,5,1974
"zpid_2098849661","0-Burke-Hollow-Rd-Burke-VT-05832",44.60133,-71.940486,80000,NA,NA,NA,20,NA
"zpid_75415430","622-Meehan-Rd-Bristol-VT-05443",44.171112,-73.042823,349900,3,2,1948,23,1987
"zpid_75436345","3429-Rice-Hill-Rd-Franklin-VT-05457",44.939205,-72.907954,225000,3,1.5,1692,2.3,2001
"zpid_75413580","485-Quaker-St-Lincoln-VT-05443",44.112623,-72.998452,349000,3,2,1917,1.3,1900
"zpid_92010139","271-N-Main-St-Bradford-VT-05033",43.998816,-72.125338,279000,5,2,3174,1.1,1836
"zpid_2098845165","59-A-2-Jersey-Ct-A-2-Morristown-VT-05661",44.556702,-72.605647,279000,3,3,2606,NA,2005
"zpid_115812481","765-Baxter-Mtn-Rd-Sharon-VT-05065",43.794664,-72.458253,229000,3,2,2094,4.64,2006
"zpid_118894629","118-Dane-Rd-Sheffield-VT-05866",44.600736,-72.117943,159000,3,2,1680,1.5,1980
"zpid_75443527","36-Highland-Ave-Randolph-VT-05060",43.917957,-72.661405,235000,5,2,2699,0.29,1910
"zpid_92040026","162-Mountain-View-Rd-Wilmington-VT-05363",42.86626,-72.816378,248000,6,3,2300,0.69,1976
"zpid_115789281","12-Kibbe-Point-Rd-South-Hero-VT-05486",44.647057,-73.28228,590000,5,4,3880,6.3,1851
"zpid_2140589975","2-Sandy-Cv-Grand-Isle-VT-05458",44.752332,-73.288781,989000,3,3,3000,1.4,2015
"zpid_2102052458","Breezy-Hill-Acres-LOT-12-Monkton-VT-05473",44.24859,-73.20227,1e+05,NA,NA,NA,2.35,NA
"zpid_2102052455","Breezy-Hill-Acres-LOT-10-Monkton-VT-05473",44.24859,-73.20227,95000,NA,NA,NA,2.33,NA
"zpid_91999760","17-Warner-Dr-Saint-Albans-VT-05478",44.8179,-73.075968,395000,5,4,3408,0.34,1990
"zpid_2102077405","Breezy-Hill-Acres-LOT-14-Monkton-VT-05473",44.24859,-73.20227,110000,NA,NA,NA,2.58,NA
"zpid_2102052464","Breezy-Hill-Acres-LOT-13-Monkton-VT-05473",44.24859,-73.20227,1e+05,NA,NA,NA,2.35,NA
"zpid_2102077406","Breezy-Hill-Acres-LOT-11-Monkton-VT-05473",44.24859,-73.20227,1e+05,NA,NA,NA,2.31,NA
"zpid_2102077411","Breezy-Hill-Acres-LOT-8-Monkton-VT-05473",44.24859,-73.20227,90000,NA,NA,NA,2.26,NA
"zpid_81615132","383-Woods-Hollow-Dr-Milton-VT-05468",44.687148,-73.12206,319900,3,3.5,2742,0.42,2005
"zpid_92256046","12-Ketcham-Dr-Essex-Junction-VT-05452",44.479772,-73.127785,309000,3,3,NA,NA,2006
"zpid_92015696","376-Pine-Hill-Rd-Newport-VT-05855",44.928339,-72.187087,175000,3,2,1844,1.5,1972
"zpid_75450655","101-N-Pleasant-St-North-Troy-VT-05859",44.994052,-72.405921,129900,3,2,2560,0.31,1974
"zpid_92022966","40-Vernon-St-Rutland-VT-05701",43.62292,-72.979075,129900,3,1,912,732601214.462121,1970
"zpid_75423707","174-East-Rd-Stamford-VT-05352",42.744195,-73.060509,229900,3,2,2030,2,1901
"zpid_2108111143","58-Poor-Farm-Rd-Alburgh-VT-05440",44.878664,-73.280836,249000,3,2,1712,1,1976
"zpid_75443707","8-Prospect-Ave-Randolph-VT-05060",43.920142,-72.663324,365000,8,5,4047,0.6,1902
"zpid_91991787","179-Rotax-Rd-North-Ferrisburgh-VT-05473",44.259077,-73.129372,550000,5,4,4816,4,1976
"zpid_2100726029","5924-Vt-Route-100-Londonderry-VT-05148",43.22845,-72.811431,250000,4,3,2648,1.25,1890
"zpid_75471594","1135-Loomis-Hill-Rd-Waterbury-Center-VT-05677",44.382114,-72.698553,349500,3,2,1850,1,1970
"zpid_111022447","351-Sylvan-Park-Rd-Stowe-VT-05672",44.454374,-72.688745,875000,7,8,7080,NA,1962
"zpid_2105775825","3880-Maidstone-Lake-Rd-Maidstone-VT-05905",44.664491,-71.646947,217000,3,2,1000,736916400.411983,1946
"zpid_2098820241","22-Moulton-Rd-Waitsfield-VT-05673",44.184431,-72.845779,36900,NA,NA,NA,0.6,NA
"zpid_75480643","780-Lakeridge-Rd-Guilford-VT-05301",42.760053,-72.590902,225000,3,3,2400,7.5,1988
"zpid_2111533746","72-Meadow-Hawk-Ln-Rochester-VT-05767",43.864491,-72.837751,259000,4,2,1898,1,1981
"zpid_75463777","46-Johnson-St-Barre-VT-05641",44.203132,-72.49781,125000,2,2,1344,0.51,1912
"zpid_92016038","2653-Glover-St-Glover-VT-05839",44.710562,-72.185431,179000,4,2,3000,0.5,1860
"zpid_2098821271","485-Summit-Cir-Brattleboro-VT-05301",42.835849,-72.594067,1395000,4,4,5333,41.8,2007
"zpid_92040742","1353-Burbee-Pond-Rd-Windham-VT-05359",43.156511,-72.727219,229500,3,2,1800,3.07,1980
"zpid_2098821810","1106-Sunset-Lake-Rd-Brattleboro-VT-05301",42.887545,-72.647378,132000,2,1,670,0.95,1912
"zpid_92052647","1510-Wayside-Rd-Woodstock-VT-05091",43.67018,-72.595818,1375000,7,5,4154,160,1805
"zpid_2098865675","N15-Stonehedge-Dr-South-Burlington-VT-05403",44.4347,-73.195897,244000,4,3,2076,NA,1988
"zpid_75490530","102-Shute-Rd-Hartland-VT-05048",43.56985,-72.419334,56000,3,1,1608,10.2,1995
"zpid_92262734","904-E-Lakeshore-Dr-Colchester-VT-05446",44.548764,-73.19946,169900,4,2,1992,96876132.964876,1950
"zpid_124573427","1279-Rt-149-West-Pawlet-VT-05775",43.34731,-73.23368,15000,4,2,1714,968124130.438476,1900
"zpid_12648073","1835-North-Ave-Burlington-VT-05408",44.519134,-73.261741,159900,3,1,844,73105164.8748623,1949
"zpid_92248862","100-W-Canal-St-Winooski-VT-05404",44.490897,-73.189554,179000,2,1,1003,NA,1985
"zpid_92022752","124-Gibson-Ave-Rutland-VT-05701",43.595791,-72.980528,16900,4,2,2160,9691462455.04821,1900
"zpid_75422426","1150-S-Stream-Rd-Bennington-VT-05201",42.855205,-73.17379,174000,4,2,1692,1,1987
"zpid_75454098","3286-Us-Route-7-Pittsford-VT-05763",43.706535,-73.016421,39500,4,2,1574,967802434.616598,1899
"zpid_2098867809","589-Chelsea-Rd-Brookfield-VT-05036",44.015144,-72.541271,149000,3,2,1000,10,1989
"zpid_124028754","175-Lexington-Rd-Colchester-VT-05446",44.510689,-73.150912,51900,3,2,1078,NA,2001
"zpid_92243403","118-Stage-Rd-Richmond-VT-05477",44.384874,-72.935908,234900,3,1,1728,5.1,1988
"zpid_92294472","610-Turkey-Ln-Hinesburg-VT-05461",44.282661,-73.102522,339000,2,2,1737,10.1,1978
"zpid_2098881663","3191-Vt-14-Brookfield-VT-05036",43.984378,-72.557272,55000,NA,NA,NA,90,NA
"zpid_92295766","130-Pheasant-Woods-APT-101-Colchester-VT-05446",44.524561,-73.162719,178500,2,2,1318,NA,1980
"zpid_2098869190","3-Borden-Dr-Jericho-Center-VT-05465",44.47504,-72.9684,205000,3,1,1000,1,1973
"zpid_12653329","237-Hildred-Dr-Burlington-VT-05401",44.485389,-73.194252,182900,2,2,NA,NA,1992
"zpid_2111459112","1819-Us-Route-5-S-Windsor-VT-05089",43.4517,-72.3963,90000,3,2,1100,0.45,1950
"zpid_2103427484","3395-Route-7-Ferrisburgh-VT-05456",44.209452,-73.244853,162000,4,2,2064,2,1900
"zpid_92293651","952-Coates-Island-Rd-Colchester-VT-05446",44.557276,-73.22023,350000,2,2,995,NA,1920
"zpid_2140777623","2597-Stage-Rd-South-Pomfret-VT-05067",43.690639,-72.573959,149900,4,3,1700,3.29,1972
"zpid_75462895","3-Aiken-St-Barre-VT-05641",44.202945,-72.514572,61500,2,2,941,52666989.2548209,1940
"zpid_92283804","89-Bishop-Rd-Hinesburg-VT-05461",44.342591,-73.034836,229000,2,1,NA,4.32,1989
"zpid_92011623","4102-Vt-Route-14-LOT-10-Williamstown-VT-05679",44.099647,-72.54615,27500,2,2,980,NA,1988
"zpid_54211494","109-Catkin-Dr-South-Burlington-VT-05403",44.413913,-73.183479,295500,3,3,NA,NA,NA
"zpid_75421016","110-Imperial-Ave-Bennington-VT-05201",42.87582,-73.19287,147500,3,1.5,1776,0.00072354838935241,1910
"zpid_2098883846","237-Hildred-Dr-237-Burlington-VT-05401",44.486162,-73.194192,182900,2,2,1000,NA,1992
"zpid_2098930825","154-Dane-Rd-Sheffield-VT-05866",44.600985,-72.118924,44900,5,2,1626,2.12,1920
"zpid_49677665","29-Mills-Ave-South-Burlington-VT-05403",44.46791,-73.16101,290000,2,2,1360,508174435.30668,1959
"zpid_2112713990","7016-Hinesburg-Rd-St-George-VT-05495",44.3765,-73.135612,390000,3,3,3052,8.4,2007
"zpid_2098878784","11-1st-St-Rutland-VT-05701",43.599689,-72.979907,179900,6,3,2908,0.35,1898
"zpid_75429942","1531-Ladd-Rd-Concord-VT-05824",44.457724,-71.839412,60000,2,2,NA,10,1989
"zpid_75411276","11-Lower-Plains-Rd-Middlebury-VT-05753",43.969178,-73.091183,325000,3,2,2034,0.4,1890
"zpid_92030736","12-Wilmuth-Rd-Barre-VT-05641",44.172876,-72.505581,180000,3,2,2559,0.46,1920
"zpid_92273402","133-Hickok-St-Winooski-VT-05404",44.495073,-73.194349,225000,3,1,1056,714087617.813797,1969
"zpid_92282727","237-Cedar-Ln-Williston-VT-05495",44.440068,-73.088426,269900,3,3,1743,NA,1995
"zpid_75452698","360-Lackey-Rd-Derby-VT-05829",44.9468,-72.026009,195000,3,2,1170,45,1974
"zpid_92034192","991-Adamant-Rd-Adamant-VT-05640",44.335241,-72.489357,395000,6,3,NA,28,2002
"zpid_75428467","23-Wheelock-Rd-Danville-VT-05828",44.496324,-72.1197,189000,3,2,1480,13.1,1836
"zpid_2103195983","35-Woods-Rd-S-Warren-VT-05674",44.112701,-72.828697,15000,NA,NA,NA,3.8,NA
"zpid_92287528","53-Lords-View-Ter-Richmond-VT-05477",44.390714,-73.020665,269000,3,3,1504,1,1978
"zpid_92006554","5505-E-Hill-Rd-Wolcott-VT-05680",44.601433,-72.427792,259000,3,2,3032,19,1987
"zpid_115797457","25-Glen-Ridge-Ln-Saint-Albans-VT-05478",44.908191,-73.063481,218000,3,2,2176,0.31,2006
"zpid_92245665","11-Sugartree-Ln-UNIT-G9-Essex-Junction-VT-05452",44.495367,-73.099165,157000,2,2,1056,NA,1978
"zpid_2098942068","63-69-Lakeside-Burlington-VT-05401",44.461078,-73.219892,750000,0.5,NA,NA,NA,1899
"zpid_2106506416","3710-Route-30-Sudbury-VT-05733",43.789069,-73.204536,195000,4,3,4123,5.2,1850
"zpid_92269273","19-Lapointe-St-Winooski-VT-05404",44.495556,-73.174433,239000,3,1,1720,715612751.881382,1953
"zpid_92040906","113-Signal-Hill-Dr-Brattleboro-VT-05301",42.841344,-72.5846,259000,4,3,2300,0.43,1975
"zpid_92290806","30-Logwood-Cir-Essex-Junction-VT-05452",44.483134,-73.051787,345000,3,3,2534,0.74,1985
"zpid_75465985","101-Prospect-St-Montpelier-VT-05602",44.25365,-72.574424,275000,2,1,1200,484850184.848737,2011
"zpid_92288464","916-Williams-Rd-APT-3-Colchester-VT-05446",44.546018,-73.19876,165000,2,2,1390,5082417559.73297,1968
"zpid_92297281","56-Oneil-Ln-Williston-VT-05495",44.459848,-73.091324,355000,3,2.5,2493,0.000746669721056012,1999
"zpid_92025557","1383-Clarendon-Ave-West-Rutland-VT-05777",43.574678,-73.034535,289900,4,3,2800,26.7,1992
"zpid_75424879","2577-River-Rd-Arlington-VT-05250",43.093224,-73.205616,375000,3,3,2160,56,1972
"zpid_2098892848","328-Westview-Heights-Dr-Stowe-VT-05672",44.476963,-72.661592,435000,3,2,2453,NA,1995
"zpid_115805204","5-Williams-Ln-Sudbury-VT-05733",43.821431,-73.173646,210000,4,1.5,1772,8,1875
"zpid_92047884","272-Vermont-Route-14-Sharon-VT-05065",43.724397,-72.430659,39900,2,1,672,497523161.202433,1978
"zpid_75412610","2320-Route-7-Salisbury-VT-05769",43.924374,-73.110747,124900,3,1,1320,0.5,1830
"zpid_75444729","818-Tucker-Hill-Rd-Thetford-Center-VT-05075",43.828113,-72.261655,85000,2,1,924,1.3,1986
"zpid_2098869185","160-Wiley-Rd-APT-202-Colchester-VT-05446",44.59211,-73.16518,169000,2,2,1101,NA,2005
"zpid_81625101","190-Sand-Rd-Ferrisburgh-VT-05456",44.169293,-73.273855,229000,0.5,NA,1721,2.3,1914
"zpid_54212113","24-Hawthorne-Cir-South-Burlington-VT-05403",44.461929,-73.15715,159000,2,1,NA,NA,1979
"zpid_2106021683","225-N-Main-St-Wallingford-VT-05773",43.474836,-72.976793,104500,4,2,1760,9682279618.50115,1910
"zpid_2098944962","191-207&-Maple-Hill-Ln-Dorset-VT-05251",43.251281,-73.091933,1750000,10,8,7335,NA,1930
"zpid_2098864976","3-Sharon-Dr-Bennington-VT-05201",42.8887,-73.206559,327000,3,3,3295,0.57,1966
"zpid_92257601","370-Farrell-St-APT-114-South-Burlington-VT-05403",44.449992,-73.20433,143500,NA,1,760,NA,2005
"zpid_2098882079","505-Peacham-Pond-Rd-Peacham-VT-05862",44.33696,-72.1627,187000,2,2,1080,71.9,1980
"zpid_2098907840","24-Hawthorne-Cir-24-South-Burlington-VT-05403",44.461297,-73.155141,159000,2,1,1270,NA,1979
"zpid_2133613637","1033-Portland-St-St-Johnsbury-VT-05819",44.421791,-71.995399,89900,3,2,1508,0.5,1900
"zpid_2106181762","46-Bent-Rd-Hubbardton-VT-05735",43.744934,-73.221108,159900,2,2,1344,508138104.499793,2011
"zpid_2098914721","630-Morgan-Hill-Rd-Woodstock-VT-05191",43.546606,-72.533202,3600000,5,6,4936,75.1,1835
"zpid_2098900101","630-Morgan-Hill-Rd-Woodstock-Woodstock-VT-05091",43.62518,-72.57069,3600000,5,3,4936,75,1836
"zpid_2118569239","260-Water-St-Albany-VT-05820",44.728041,-72.375787,47000,2,1,980,0.42,1981
"zpid_2098864284","40-Clarina-Nichols-Ln-Quechee-VT-05059",43.64754,-72.42152,259000,3,3,NA,0.89,NA
"zpid_92043968","2045-Grafton-Rd-Townshend-VT-05353",43.071456,-72.652626,110000,3,2,1197,1.2,1800
"zpid_2098883271","137-E-Mountain-Road-Mountain-Green-2c1-2C1-Killington-VT-05751",43.66079,-72.80239,69000,2,2,949,NA,1983
"zpid_75455135","344-South-St-Poultney-VT-05764",43.510403,-73.234144,89900,4,2,1590,0.3,1920
"zpid_110237889","76-Ethan-Allen-Pkwy-Burlington-VT-05408",44.505869,-73.240971,1350000,21,7,6878,0.53,1988
"zpid_2098887210","Hill-St-Montpelier-VT-05601",44.2487,-72.572497,55000,NA,NA,NA,2,NA
"zpid_49676956","22-Heath-St-South-Burlington-VT-05403",44.465393,-73.169059,239900,0.5,NA,NA,1.28783735307622,1951
"zpid_2098868902","0-Loop-Troy-VT-05868",44.8588,-72.3913,159900,2,1,NA,47,2013
"zpid_2098900575","6409-Route-100-Troy-VT-05868",44.905071,-72.398628,70000,2,2,1354,0.41,1957
"zpid_75420619","226-North-St-Bennington-VT-05201",42.883089,-73.196971,79900,3,2,1588,7382647128.14233,1880
"zpid_115813398","2-Hathorn-Hl-Woodstock-VT-05091",43.619619,-72.51895,440000,3,3,2480,NA,1984
"zpid_2116639515","127-South-St-Rutland-VT-05701",43.600361,-72.984427,75000,4,2,3006,971089554.222199,1919
"zpid_92266437","65-Thrush-Way-Shelburne-VT-05482",44.394846,-73.212579,450000,3,4,3358,0.45,1993
"zpid_81601705","90-Fifth-Ave-Saint-Johnsbury-VT-05819",44.415352,-72.018287,176000,6,5,4400,0.5,1932
"zpid_92006616","41-Deerfield-Ln-Wolcott-VT-05680",44.559296,-72.468473,2e+05,4,2,2472,9,1968
"zpid_2101971884","140-Mending-Walls-Manchester-VT-05255",43.170184,-73.027932,499000,4,3,2816,NA,2004
"zpid_115794962","3463-Scott-Hwy-South-Ryegate-VT-05069",44.196287,-72.151085,229900,4,1.5,2300,10.1,1860
"zpid_81602283","6892-Vt-Route-122-Sheffield-VT-05866",44.645316,-72.157627,122000,4,2,2016,10.1,2003
"zpid_2105959600","0-N-Jay-Rd-Jay-VT-05859",45.002319,-72.442358,35000,NA,NA,NA,12.3,NA
"zpid_81600833","53-Pearl-St-Saint-Johnsbury-VT-05819",44.413846,-72.017435,64950,4,2,2700,970387475.019858,1865
"zpid_92247986","125-Chapin-Rd-Essex-Junction-VT-05452",44.533591,-73.057778,395000,4,3,2300,3.9,2000
"zpid_92273041","20-Rotunda-Ave-Essex-Junction-VT-05452",44.500805,-73.127101,259900,3,2,1738,738611015.425964,1955
"zpid_2102192927","677-E-Salem-Derby-VT-05829",44.928465,-72.094995,149900,3,1,1184,1.27,1950
"zpid_75481475","27-Partridge-Hl-Norwich-VT-05055",43.724124,-72.310374,369000,4,3,2387,0.85,1954
"zpid_92248918","14-Ritchie-Ave-APT-101-Milton-VT-05468",44.635722,-73.115148,135000,2,1,826,NA,2007
"zpid_2123081007","18-Dry-Kiln-Rd-Hartland-VT-05052",43.591501,-72.349565,129000,3,2,1620,1.1,1997
"zpid_92279263","195-Whitewater-Cir-Williston-VT-05495",44.46118,-73.109417,317500,NA,3,3084,NA,1993
"zpid_115802916","266-Collins-Mill-Rd-North-Troy-VT-05859",44.872937,-72.379067,125000,2,1,920,11.3,1984
"zpid_2098872610","508-Main-St-2-West-Rutland-VT-05777",43.594365,-73.047457,120000,7,2,NA,NA,1855
"zpid_92276516","55-S-Bay-Cir-Colchester-VT-05446",44.544562,-73.208329,649900,5,3.5,4202,0.83,1987
"zpid_2098893699","20-22-Decatur-St-Burlington-VT-05401",44.487128,-73.211145,325000,5,3,2451,1222341202.0638,1899
"zpid_75410437","37-High-St-Middlebury-VT-05753",44.019321,-73.165069,252900,2,2,1528,5085585503.71878,1990
"zpid_75456437","55-Lola-Dr-Rutland-VT-05701",43.651214,-72.960705,145900,3,3,1490,1.06,1984
"zpid_115806374","169-N-Main-St-Fair-Haven-VT-05743",43.598383,-73.263725,109000,3,2,1546,0.57,2005
"zpid_75427584","905-Us-Route-5-Waterford-VT-05819",44.391435,-72.024229,119500,3,2,1700,0.75,1900
"zpid_92020570","123-Gibson-Ave-Rutland-VT-05701",43.595881,-72.980555,79900,4,3,1625,990875955.507438,1904
"zpid_2131509711","85-Old-Ford-Ln-Orleans-VT-05860",44.758595,-72.054319,139000,2,2,1032,0.44,1972
"zpid_2105124860","185-Mud-Rd-Charleston-VT-05872",44.813921,-71.968312,49500,2,2,980,10.5,1988
"zpid_75438386","4-Old-Marsh-Rd-Grand-Isle-VT-05458",44.705467,-73.284912,370000,2,2,2897,1.23,1928
"zpid_2098884908","381-Beane-Rd-Huntington-VT-05462",44.245446,-72.964514,167400,NA,NA,NA,7.1,NA
"zpid_92021555","250-Lincoln-Ave-Rutland-VT-05701",43.628312,-72.978717,169000,4,2,1668,9680167789.30069,1938
"zpid_92042311","194-Maple-St-Brattleboro-VT-05301",42.844574,-72.57029,215000,3,2,1500,7380626826.03145,1930
"zpid_2098893025","27-Kelly-Rd-Stockbridge-VT-05772",43.779754,-72.701119,147000,4,2,NA,0.96,NA
"zpid_91999753","9-Upper-Newton-St-Saint-Albans-VT-05478",44.8187,-73.081028,199000,4,2,2213,969268976.627181,1880
"zpid_2098874588","1141-Murphys-Rd-7D-Hartford-VT-05059",43.646284,-72.433836,229000,3,3,2566,NA,1983
"zpid_75411188","110-Charles-Ave-Middlebury-VT-05753",44.007503,-73.162725,162000,3,1,1040,714051386.63843,1970
"zpid_2104543843","59-Battleground-59-Fayston-VT-05673",44.199146,-72.894069,158000,2,2,1091,NA,1974
"zpid_2098896663","73-Field-Ave-Rutland-VT-05701",43.62624,-72.98483,99900,3,1,1128,0.48,1860
"zpid_54211814","30-Four-Sisters-Rd-South-Burlington-VT-05403",44.431201,-73.183586,469900,2,2.5,2000,0.000516988152433425,NA
"zpid_2131335491","0-Blockhouse-Point-Rd-North-Hero-VT-05474",44.846571,-73.266043,1e+05,NA,NA,NA,38.2,NA
"zpid_2101519970","Stone-Hill-Rd-270-Jericho-VT-05465",44.41887,-72.912569,185000,NA,NA,NA,4,NA
"zpid_2098898520","236-Qtr-I-I-Jackson-Gore-Inn-Ludlow-VT-05149",43.40596,-72.69549,31000,0.5,1,390,NA,2003
"zpid_2098916177","36-Goldenwood-Newfane-VT-05345",42.999357,-72.643474,167200,3,3,1791,3.9,1970
"zpid_92296129","63-Pearl-St-UNIT-3-Essex-Junction-VT-05452",44.493528,-73.118036,219000,2,2,1331,NA,2003
"zpid_75447182","88-Hillside-Dr-Fairlee-VT-05045",43.891784,-72.200962,274900,3,3,2016,6.1,1990
"zpid_92012696","1301-West-St-Brookfield-VT-05036",44.040837,-72.615408,249000,2,2,1344,16,NA
"zpid_53713959","4205-Ethan-Allen-Hwy-Charlotte-VT-05445",44.297435,-73.241729,398000,4,3,2438,17,1971
"zpid_2101449401","228-Lakewood-Dr-Swanton-VT-05488",44.953519,-73.221432,215000,2,1,840,50138540.9080579,1955
"zpid_92018337","3324-Route-144-Benson-VT-05743",43.737146,-73.242791,186000,4,2,1848,12.1,1992
"zpid_2116795291","42-Morse-Pl-Rutland-VT-05701",43.604953,-72.972942,105000,6,NA,2406,143265662.807782,1907
"zpid_92267171","18-Edward-St-Milton-VT-05468",44.629607,-73.124747,274900,3,3,1728,0.48,1999
"zpid_2098898431","90-Stonington-Cir-90-South-Burlington-VT-05403",44.45389,-73.160722,320000,3,2.5,2443,NA,2004
"zpid_2098926907","301-Farnsworth-Ln-Brookfield-VT-05036",44.026258,-72.550446,155000,2,1,1352,5,1970
"zpid_115798415","27-Idlewild-Rd-South-Hero-VT-05486",44.663307,-73.277688,699000,3,4,3190,0.34,2006
"zpid_2098867888","38-Lake-Park-Ext-Newport-VT-05855",44.995362,-72.188993,249000,3,1,1152,714307803.305831,2002
"zpid_2106131505","110-Chicoine-Dr-Albany-VT-05820",44.760834,-72.355326,80000,3,2,1456,0.61,2001
"zpid_81600944","171-River-Rd-Saint-Johnsbury-VT-05819",44.417701,-72.011962,69900,4,2,2580,970111092.790174,1940
"zpid_2098898519","238-Qtr-I-I-Jackson-Gore-Inn-Ludlow-VT-05149",43.40596,-72.69549,68000,2,2,1025,NA,2003
"zpid_92274552","94-Liberty-Ln-Colchester-VT-05446",44.518419,-73.150675,427500,3,4,3469,0.52,1992
"zpid_2098925303","7-Nashville-Rd-Jericho-VT-05465",44.454065,-72.969342,340000,NA,1,1248,31.5,1986
"zpid_92289273","4012-Spear-St-Shelburne-VT-05482",44.415002,-73.197103,575000,3,6,5558,1.63,1973
"zpid_92259478","6-George-St-Winooski-VT-05404",44.498542,-73.178799,224900,3,1,1344,714749074.654913,1968
"zpid_2102255199","168-Willies-Ln-Andover-VT-05143",43.285706,-72.740659,219000,3,2,1210,9.5,1972
"zpid_92282462","37-Densmore-Dr-Essex-Junction-VT-05452",44.493563,-73.102346,160000,2,2,NA,NA,1980
"zpid_2119168245","1254-Main-Rd-Stamford-VT-05352",42.758436,-73.067492,292500,3,2,1800,4.27,2001
"zpid_92033749","13-Minister-Brook-Rd-Worcester-VT",44.373855,-72.551166,156500,2,2,1795,0.5,1839
"zpid_2098897837","1021-Birch-Hill-Rd-Windham-VT-05359",43.195654,-72.734576,150000,3,2,1224,NA,1975
"zpid_2098898605","355-Lyman-Batcheller-12F-Hartford-VT-05059",43.650388,-72.418232,109000,2,2,1352,NA,1978
"zpid_92026723","10-Franklin-St-Brandon-VT-05733",43.797634,-73.085176,157000,3,3,2648,763656329.013889,1845
"zpid_2098919524","2434-Vt-Route-103-S-Mount-Holly-VT-05758",43.450254,-72.783348,99000,3,2,1232,5,2000
"zpid_81601324","141-Central-St-Saint-Johnsbury-VT-05819",44.419792,-72.023547,59000,3,1,1259,714552941.503765,1904
"zpid_2098921970","178-Old-Mail-Route-Rd-Roxbury-VT-05669",44.088652,-72.711492,25000,NA,NA,NA,5,NA
"zpid_115814227","285-Woodhaven-Dr-UNIT-7D-White-River-Junction-VT-05001",43.683593,-72.324803,129000,2,2,1080,NA,1987
"zpid_2098905289","97-Corliss-Road-2nd-LOT-PAST-St-Albans-Town-VT-05478",45.004971,-72.600014,27716,NA,NA,NA,0.26,NA
"zpid_92266378","33-Pinewood-Ln-Milton-VT-05468",44.608685,-73.113739,284000,3,2,2392,0.52,1979
"zpid_2098882760","571-Route-12-Northfield-VT-05663",44.17236,-72.650362,219000,3,4,3624,0.33,1900
"zpid_75412776","465-Shard-Villa-Rd-Salisbury-VT-05769",43.929141,-73.153135,352000,3,3,2742,1.04,1850
"zpid_75436211","1868-Pond-Rd-Jeffersonville-VT-05464",44.714286,-72.898658,229900,4,2,2330,6.71,1975
"zpid_92259862","1014-E-Lakeshore-Dr-Colchester-VT-05446",44.549729,-73.197886,495000,2,2,1289,0.28,1950
"zpid_92006417","353-Brook-Rd-Wolcott-VT",44.615842,-72.461513,197500,3,1,1536,10.1,1989
"zpid_2098887407","Unit-1-17-Willis-1-Wilmington-VT-05363",42.903027,-72.838477,134000,4,2,1964,NA,1970
"zpid_2098891106","389-Cobble-Hill-Rd-Londonderry-VT-05148",43.238081,-72.765349,1395000,4,5,3227,NA,1800
"zpid_115802864","319-Lacross-Ln-Orleans-VT-05860",44.771365,-72.047647,3500000,NA,NA,NA,100,NA
"zpid_2098887216","Hill-St-Montpelier-VT-05602",44.278817,-72.609822,55000,NA,NA,NA,2,NA
"zpid_2102625462","00-Cemetary-Rd-Jay-VT-05859",44.963943,-72.441999,46400,NA,NA,NA,7.99,NA
"zpid_92021730","22-Easterly-Ave-Rutland-VT-05701",43.608852,-72.964118,210000,3,3,1621,0.33,1950
"zpid_2112025225","1875-Christian-St-White-River-Junction-VT-05001",43.681331,-72.322291,229000,3,2,1694,0.7,1953
"zpid_92047715","3272-Vt-Route-14-South-Royalton-VT-05068",43.826758,-72.537277,249000,3,2,1916,8,1805
"zpid_81746801","1657-Old-Depot-Rd-Shaftsbury-VT-05262",43.023135,-73.172001,595000,4,3,2970,177,1840
"zpid_115802114","43-Porter-Ln-Barton-VT-05822",44.751559,-72.1798,127500,3,3,NA,0.36,1900
"zpid_2106733495","500-Acorn-Dr-UNIT-3-Waterbury-VT-05676",44.347218,-72.750058,169900,2,2,1080,NA,1989
"zpid_75454165","18-Alfred-Buck-Ln-Pittsford-VT-05763",43.708856,-73.033267,190000,4,2,1548,0.46,1999
"zpid_2098906943","256-Indian-Bay-Castleton-VT-05735",43.614846,-73.227619,175000,3,1,864,0.3,1958
"zpid_115795397","2124-Cold-Hill-Rd-Lyndonville-VT-05851",44.530981,-72.082158,239900,3,3,1448,30,1989
"zpid_2128725157","1333-Waterbury-Rd-Stowe-VT-05672",44.449098,-72.699196,425000,2,1,1080,11.4,1950
"zpid_92016116","440-Stone-Shr-Glover-VT-05839",44.669364,-72.220913,129000,2,1,920,0.87,1958
"zpid_122415754","29-Mill-St-West-Fairlee-VT-05083",43.909234,-72.262098,196500,3,3,2629,0.3,1850
"zpid_2098925085","491-Vt-Rte-110-Chelsea-VT-05038",44.013352,-72.463432,115000,3,1,1248,NA,NA
"zpid_92289237","170-Meadowrun-Rd-Williston-VT-05495",44.462636,-73.108539,324900,NA,3,2672,NA,NA
"zpid_2098871418","367-Shores-Hill-Rd-Granby-VT-05840",44.564484,-71.747339,NA,NA,NA,NA,NA,NA
"zpid_2098939906","2711-Vance-Hl-Newport-Town-VT-05857",44.96043,-72.25715,15500,NA,NA,NA,1.6,NA
"zpid_2139192634","326-Spring-Hill-Rd-Morristown-VT-05661",44.534793,-72.567466,250000,4,2,2184,NA,NA
"zpid_92273378","2-Mackey-St-Milton-VT-05468",44.632013,-73.115038,295000,3,2,2492,NA,NA
"zpid_91994830","134-Grapevine-Ln-Pownal-VT-05261",42.767726,-73.218629,650000,4,3,7149,NA,NA
"zpid_2098941420","68-Butler-Rd-Fairfax-VT-05454",44.665576,-73.005234,234900,3,2,1536,NA,NA
"zpid_90141080","37-Coyote-Ln-Charlotte-VT-05445",44.2645,-73.246485,640000,4,4,NA,NA,NA
"zpid_2098883265","57-Jingle-Bell-Rd-Montgomery-VT-05855",44.888436,-72.541118,189000,3,3,1288,NA,NA
"zpid_2098915032","686-Davis-Rd-Monkton-VT-05496",44.265313,-73.133182,895000,NA,NA,NA,111.7,NA
"zpid_2098887343","2601-E-Pittsford-Rd-Rutland-VT-05701",43.661931,-72.950029,199000,2,2,1460,NA,NA
"zpid_111021757","1823-Lake-Dunmore-Rd-Salisbury-VT-05769",43.924853,-73.082025,169000,NA,1,642,NA,NA
"zpid_75425375","744-Black-Rock-Ln-Dorset-VT-05251",43.246234,-73.078975,399000,3,3,2536,NA,NA
"zpid_2098884907","00-Vt-Route-102-Maidstone-VT-05906",44.572043,-71.556955,98000,NA,NA,NA,56,NA
"zpid_2098912875","2691-Vt-Route-100-South-Londonderry-VT-05155",43.188887,-72.813833,154900,4,2,1560,NA,NA
"zpid_2098874448","81-Tyson-Reading-VT-05062",43.455753,-72.538719,145000,2,1,1116,NA,NA
"zpid_2146152480","2086-Lake-Dunmore-Rd-Salisbury-VT-05769",43.924106,-73.077339,450000,2,2,1300,NA,NA
"zpid_2120060868","52-S-Main-St-Rutland-VT-05701",43.604918,-72.971505,110000,0.5,NA,2152,NA,NA
"zpid_2098871105","(Undisclosed-Address)-West-Rutland-VT-05777",43.588104,-73.04553,189000,6,NA,4796,NA,NA
"zpid_2132663097","60-Winooski-Falls-Way-UNIT-1404-Winooski-VT-05404",44.490205,-73.18284,559000,2,2,1760,NA,NA
"zpid_2098903040","190-Scallop-Dr-Dorset-VT-05251",43.303218,-73.099954,289000,2,2,2000,NA,NA
"zpid_81624935","1364-Route-30-Cornwall-VT-05753",43.97838,-73.204938,585000,6,6,3748,NA,NA
"zpid_92010241","545-New-Boston-Rd-Thetford-Center-VT-05075",43.815322,-72.327042,345000,3,2,1872,NA,NA
"zpid_92279390","30-Adams-Park-Milton-VT-05468",44.663735,-73.090893,234900,3,1,NA,NA,NA
"zpid_75460833","691-W-Tinmouth-Rd-West-Rutland-VT-05777",43.503326,-73.027027,295000,5,2,2832,NA,NA
"zpid_2111495409","869-Cook-Sheldon-VT-05483",44.906971,-73.04202,228000,3,3,1706,1.33,2001
"zpid_92005276","333-Lower-Main-W-Johnson-VT-05656",44.636405,-72.685675,2e+05,3,2,1900,0.4,1890
"zpid_2098893911","11-Parish-Hill-Rd-Newfane-VT-05351",42.938113,-72.704188,369900,7,3,3156,2.5,1940
"zpid_2105558409","145-Sherwood-Cir-Brattleboro-VT-05301",42.862295,-72.620603,184000,3,2,1120,7371903326.49213,1997
"zpid_75429730","175-Ethan-Allen-Dr-Canaan-VT-05903",44.99935,-71.539704,90000,3,1,1420,0.48,1978
"zpid_2098898609","35-Hartwood-Way-Hartland-VT-05048",43.629263,-72.467882,225000,NA,NA,NA,51.1,NA
"zpid_118029398","27-Maple-Ridge-Ln-South-Hero-VT-05486",44.66259,-73.330109,565000,3,4,4599,2,1989
"zpid_2098944556","14-Mountainside-Dr-14-Warren-VT-05674",44.139849,-72.892613,119900,NA,1,650,NA,1979
"zpid_2098888505","60-Montacute-Rd-Hectorville-Sa-05073",43.63146,-72.45538,499900,3,2.5,NA,NA,2016
"zpid_2105637933","0-Overlook-Dr-Westmore-VT-05860",44.758517,-72.050419,69000,NA,NA,NA,28.5,NA
"zpid_75431582","578-Georgia-Shore-Rd-Saint-Albans-VT-05478",44.801263,-73.134901,259000,3,2,1344,0.97,1971
"zpid_75479548","204-Kelly-Rd-Dummerston-VT-05301",42.902711,-72.653254,347500,3,3,2760,10.3,1970
"zpid_92034925","1265-Kelton-Rd-East-Montpelier-VT-05651",44.292672,-72.479577,310000,4,3,3280,1.5,1830
"zpid_75487817","890-Hunt-Rd-Windsor-VT-05089",43.487312,-72.415815,319000,3,2,2080,5.3,1880
"zpid_2098903668","12-Riverside-Ter-Hardwick-VT-05843",44.505642,-72.367217,249500,6,2,3374,0.35,1870
"zpid_75477171","112-Metcalf-Dr-Westminster-VT-05158",43.063731,-72.461516,195000,2,1,1464,1.4,1992
"zpid_92256381","401-Butternut-Ln-Hinesburg-VT-05461",44.361592,-73.066598,435000,2,3,2301,8.4,1997
"zpid_2104951790","147-Mad-Tom-Rd-East-Dorset-VT-05253",43.239441,-73.007354,349000,3,2,1758,0.73,1869
"zpid_123975919","83-Flanders-Ln-South-Burlington-VT-05403",44.418777,-73.193044,418900,3,3,2123,NA,2013
"zpid_2098928388","621-Golf-Course-Rd-621-South-Burlington-VT-05403",44.43786,-73.170718,519000,3,2.5,2456,NA,1999
"zpid_2098880716","37-Densmore-Dr-37-Essex-Junction-VT-05452",44.493563,-73.102346,160000,2,2,1024,NA,1980
"zpid_2105489158","241-Shoreline-Dr-Barnet-VT-05821",44.29833,-72.133748,199000,NA,NA,NA,1.4,NA
"zpid_92023304","70-Field-Ave-Rutland-VT-05701",43.626143,-72.983097,135000,3,1,1094,0.3,1958
"zpid_2098944712","85-Smith-St-Barre-VT-05641",44.204994,-72.514422,124900,3,2,1332,737677867.58292,1912
"zpid_2107616782","716-Swett-Rd-Danville-VT-05828",44.412351,-72.058804,45000,NA,NA,NA,21,NA
"zpid_2144412606","15-Hopkins-St-Rutland-VT-05701",43.601619,-72.972381,89900,3,2,991,75737814.5528007,1920
"zpid_2098870742","0-N-Jay-Jay-VT-05859",44.96179,-72.43229,35000,NA,NA,NA,12.3,NA
"zpid_92046384","444-Turnpike-Rd-Norwich-VT-05055",43.739703,-72.319364,649000,5,4,3658,NA,NA
"zpid_92293488","181-Woods-Hollow-Rd-Westford-VT-05494",44.583715,-73.048369,364900,3,2,2650,NA,NA
"zpid_124573107","1509-Us-Route-7-South-Wallingford-VT-05773",43.451485,-72.986428,447744,3,3,2244,NA,NA
"zpid_2098923223","15-Upswept-Ln-1-South-Burlington-VT-05403",44.426172,-73.193012,509000,3,4,3030,NA,NA
"zpid_2098908689","355-Slayton-Ln-Barnet-VT-05821",44.298472,-72.144735,1200000,3,4,3402,NA,NA
"zpid_2098943865","80-Sugar-Plum-Ct-Randolph-VT-05060",43.935965,-72.657912,169900,4,2,1864,NA,NA
"zpid_2098871496","143-Main-St-Jeffersonville-VT-05464",44.645711,-72.828761,220000,NA,NA,NA,NA,NA
"zpid_115805618","544-North-St-Brandon-VT-05733",43.834452,-73.055646,135000,3,1,1296,NA,NA
"zpid_2098871336","38-Lake-Park-Derby-VT-05855",44.996186,-72.189676,249000,3,1,1152,NA,NA
"zpid_75412400","404-Staton-Dr-Vergennes-VT-05491",44.11692,-73.380958,1182000,3,4,NA,NA,NA
"zpid_2098900559","0-E-Concord-Rd-(Us-2-West)-Lunenburg-VT-05906",44.46189,-71.709,64900,NA,NA,NA,39,NA
"zpid_2098942482","154-Silver-Birch-West-Dover-VT-05356",42.974734,-72.88377,210000,3,2,1988,NA,NA
"zpid_2098938490","18-Ally-Dr-18-Swanton-VT-05488",44.919345,-73.131425,175000,3,2.5,1436,NA,NA
"zpid_2098942650","52-Pleasant-St-Ludlow-VT-05149",43.171147,-72.608635,219000,6,2,2720,NA,NA
"zpid_2098929625","761-Stratton-Access-Rd-341-Stratton-VT-05155",43.113824,-72.9044,139000,0.5,1,464,NA,NA
"zpid_2098922033","300-Old-Mail-Route-Rd-Roxbury-VT-05669",44.0776,-72.74426,25000,NA,NA,NA,4.2,NA
"zpid_2103531966","107-Fairwood-Heights-Morrisville-VT-05661",44.556497,-72.581209,279900,3,2,1140,NA,NA
"zpid_2098876604","2994-West-Rd-Readsboro-VT-05352",42.76733,-73.06485,297000,3,2,1732,NA,NA
"zpid_2098898339","99-Ferndale-Dr-Barnard-VT-05031",43.737635,-72.616748,259000,3,2,1683,NA,NA
"zpid_92017922","248-Tozier-Hill-Rd-Pittsfield-VT-05762",43.754089,-72.833018,260000,3,2,1600,NA,NA
"zpid_2104365864","124-Windsor-Rd-Manchester-Center-VT-05255",43.184067,-73.082477,470000,3,3,1987,NA,NA
"zpid_2106130108","1216-E-Hill-Rd-Calais-VT-05648",44.361971,-72.408374,339000,6,2,3374,NA,NA
"zpid_92007248","2584-Vt-Route-100-Eden-VT-05652",44.705614,-72.551315,249900,4,3,2512,NA,NA
"zpid_2098915033","261-Cold-Spring-Ln-Poultney-VT-05764",43.473819,-73.20608,375000,3,1,1052,NA,NA
"zpid_75434721","35-Grand-Ave-Swanton-VT-05488",44.91757,-73.123594,209900,5,2,3204,NA,NA
"zpid_2102121970","550&562-Farrant-Newport-City-VT-05855",44.939302,-72.22037,165000,4,2,1424,0.47,1915
"zpid_92271447","58-Dunbar-Dr-Essex-Junction-VT-05452",44.484492,-73.129525,382500,3,3,NA,NA,2006
"zpid_2098926696","00-Little-France-Rd-Barnet-VT-05821",44.318996,-72.055011,74500,NA,NA,NA,15,NA
"zpid_2098873761","31-Mc-Hugh-Rd-Barre-Town-VT-05641",44.140111,-72.476711,129900,3,2,1456,0.4,1959
"zpid_2098891102","89-Haystack-E-Village-Cir-Wilmington-VT-05363",42.883194,-72.894173,475000,5,3,2350,NA,1971
"zpid_2098897836","Bacon-Pl-Chelsea-VT-05038",44.004633,-72.482812,90000,NA,NA,NA,NA,NA
"zpid_2098924267","Johnson-Rd-Concord-VT-05824",44.406566,-71.842313,45000,NA,NA,NA,33.2,NA
"zpid_2098931883","Johnson-Concord-VT-05824",44.398858,-71.82523,45000,NA,NA,NA,33.2,NA
"zpid_2098931581","394-Miller-Way-Newport-Town-VT-05857",44.960818,-72.235431,425000,NA,NA,NA,3.45,NA
"zpid_2098892621","63-Appletree-Point-Ln-Burlington-VT-05408",44.507518,-73.261437,819900,4,2.5,3367,0.39,2016
"zpid_92002245","2551-W-Shore-Rd-Isle-La-Motte-VT-05463",44.86405,-73.359639,349900,4,3,2604,1,1850
"zpid_92292303","84-Park-St-Essex-Junction-VT-05452",44.48467,-73.11452,324900,6,2,2030,14279846293.4323,1910
"zpid_2104923596","730-River-Rd-New-Haven-VT-05472",44.058556,-73.154,234900,4,2,2200,5.6,1850
"zpid_2098925306","30-Four-Sisters-Rd-30-South-Burlington-VT-05403",44.431391,-73.184161,469900,2,3,2000,NA,1999
"zpid_2098885167","152-Willis-Cemetery-Rd-Stratton-VT-05360",43.023716,-72.894465,725000,5,4,3394,NA,2006
"zpid_75444124","298-Brook-Rd-Strafford-VT-05072",43.848114,-72.414947,349000,3,2,2544,10,1880
"zpid_92021526","18-Park-Ct-Rutland-VT-05701",43.617485,-72.966899,162000,3,2,1540,0.3,1960
"zpid_2098925307","122-Parkman-Wood-Rd-Putney-VT-05346",42.97919,-72.592464,2e+05,NA,NA,NA,29.6,NA
"zpid_115795308","4228-S-Wheelock-Rd-Lyndonville-VT-05851",44.539456,-72.077274,208000,2,2,2028,13.7,1978
"zpid_2098881664","105-Park-Ave-Lyndonville-VT-05851",44.535334,-72.006691,189000,4,2,1936,0.35,1894
"zpid_92010115","548-N-Pleasant-St-Bradford-VT-05033",43.999584,-72.126901,485000,15,6,5800,0.45,1930
"zpid_81747324","117-Walnut-Ct-Arlington-VT-05250",43.044963,-73.174417,372000,4,3.5,2715,2.75,2004
"zpid_2098897834","7-Post-Oak-Birch-Hill-Rd-7-Winhall-VT-05340",43.169579,-72.92083,145000,3,2,1200,NA,1968
"zpid_2098932949","24-2-Kettlepond-Ln-9-Williston-VT-05495",44.43703,-73.10221,320500,2,2,1376,NA,2016
"zpid_2098932652","Old-Coach-Rd-LOT-2-Lyndon-VT-05851",44.580519,-72.032107,47000,NA,NA,NA,3.41,NA
"zpid_2098928876","121-Parenteau-Ln-Orleans-VT-05860",44.787601,-72.074228,69000,NA,NA,NA,10.1,NA
"zpid_2108439419","329-Access-Rd-Isle-La-Motte-VT-05463",44.852872,-73.332875,349900,4,3,1768,0.4,2006
"zpid_2126252603","709-E-Lake-Rd-Ludlow-VT-05149",43.447872,-72.694028,850000,5,2,2175,1.1,1930
"zpid_2105436391","4347-U-S-Rte-30-Castleton-VT-05735",43.669011,-73.191984,349900,4,2,1295,NA,1930
"zpid_75412926","110-Lake-Dunmore-Rd-Leicester-VT-05733",43.847395,-73.057629,199000,3,2,1612,2.4,1974
"zpid_2111129463","3356-Us-Route-5-S-Barnet-VT-05821",44.280142,-72.065688,224900,4,3,2520,7.36,2005
"zpid_75461660","91-S-Main-St-Fair-Haven-VT-05743",43.581996,-73.264825,149800,4,2,1664,0.6,1940
"zpid_81600670","973-Ridge-Rd-Lyndonville-VT-05851",44.532424,-71.942108,329500,3,3,3578,13.7,2004
"zpid_2098926904","530-Chandler-Hartford-VT-05001",43.67252,-72.317077,179900,2,1,888,0.43,1965
"zpid_75453651","963-Gates-Rd-S-Belmont-VT-05730",43.441199,-72.83957,149500,2,1,942,0.5,1963
"zpid_2098926909","365-Blueberry-Point-Ln-Barton-VT-05822",44.771119,-72.071237,279900,NA,NA,NA,20,NA
"zpid_75445810","121-Spring-Rd-Tunbridge-VT-05077",43.900105,-72.508635,164000,3,1,1170,2,1850
"zpid_75452915","1802-W-Glover-Rd-Irasburg-VT-05845",44.76486,-72.265073,229000,3,2,1752,3.5,1979
"zpid_2098930824","2-Hathorn-Hl-2-Woodstock-VT-05091",43.619619,-72.51895,440000,3,3,2480,NA,1984
"zpid_2098944112","16-Southface-Dr-Warren-VT-05674",44.141508,-72.885189,348900,3,3,2300,NA,1987
"zpid_75426344","54-Hollow-View-Dr-Concord-VT-05824",44.472057,-71.94799,189000,3,2,1952,2.47,1976
"zpid_2098943188","8-Summit-8-Warren-VT-05674",44.142637,-72.889904,260000,3,2,1400,NA,1980
"zpid_2098944801","00-Landgrove-Rd-Londonderry-VT-05148",43.256559,-72.844717,35000,NA,NA,NA,2.69,NA
"zpid_2098906111","4278-Vt-100-Londonderry-VT-05148",43.209445,-72.823673,299900,NA,NA,NA,86,NA
"zpid_2102158037","154-Lakefront-Ln-Barton-VT-05822",44.749049,-72.165789,165000,3,2,1312,0.3,1963
"zpid_2100762082","Chesapeake-Dr-Shelburne-VT-05482",44.38907,-73.21461,499000,3,2.5,2010,1.2,NA
"zpid_2107737960","8-Moose-Maple-8-Winhall-VT-05340",43.129656,-72.906772,259000,3,2,1200,NA,1968
"zpid_2098932951","1245-Buzzell-Rd-Newport-Town-VT-05857",44.972961,-72.298508,69000,NA,NA,NA,30.6,NA
"zpid_2098932948","24-5-Kettlepond-Ln-9-Williston-VT-05495",44.43703,-73.10221,305000,2,2,1376,NA,2016
"zpid_2098936174","ON-Hill-Rd-UPPR-HARRINGTON-Walden-VT-05873",44.41577,-72.21957,45000,NA,NA,NA,10.8,NA
"zpid_2098945542","Old-Coach-LOT-2-Lyndon-VT-05851",44.57724,-72.027384,47000,NA,NA,NA,3.41,NA
"zpid_75456618","1639-Mckinley-Ave-Rutland-VT-05701",43.636521,-73.000998,698000,3,4,5705,10,1991
